name,filter,mjd,mag,mag_err,telescope,mag_lim,expt
SN2023ixf,sdssg,60517.970323,18.889,0.042,LT,21.725,70.0
SN2023ixf,sdssr,60517.973629,18.089,0.048,LT,21.424,70.0
SN2023ixf,sdssi,60517.97249,18.46,0.043,LT,21.337,70.0
SN2023ixf,sdssz,60517.974739,18.654,0.053,LT,21.231,75.0
SN2023ixf,sdssg,60083.923144,14.525,0.024,LT,22.298,60.0
SN2023ixf,sdssg,60083.979542,14.353,0.015,LT,22.275,60.0
SN2023ixf,sdssg,60084.146684,13.871,0.014,LT,21.365,40.0
SN2023ixf,sdssg,60084.064976,14.103,0.015,LT,22.087,40.0
SN2023ixf,sdssg,60084.891709,12.276,0.032,LT,21.653,40.0
SN2023ixf,sdssg,60084.952755,12.175,0.02,LT,21.216,20.0
SN2023ixf,sdssg,60085.136642,11.991,0.015,LT,20.635,20.0
SN2023ixf,sdssg,60085.045091,12.058,0.016,LT,21.084,20.0
SN2023ixf,sdssg,60085.891449,11.458,0.02,LT,20.987,20.0
SN2023ixf,sdssg,60085.996291,11.424,0.016,LT,20.335,15.0
SN2023ixf,sdssg,60086.897561,11.156,0.016,LT,20.558,10.0
SN2023ixf,sdssg,60087.083465,11.217,0.012,LT,20.862,10.0
SN2023ixf,sdssg,60087.94113,11.138,0.028,LT,20.705,10.0
SN2023ixf,sdssg,60088.122819,11.13,0.014,LT,19.197,5.0
SN2023ixf,sdssg,60088.010524,11.108,0.015,LT,,10.0
SN2023ixf,sdssg,60094.14544,11.259,0.026,LT,19.708,7.0
SN2023ixf,sdssg,60094.018889,11.259,0.023,LT,20.201,7.0
SN2023ixf,sdssg,60094.885912,11.26,0.026,LT,19.847,6.0
SN2023ixf,sdssg,60095.013592,11.265,0.014,LT,19.794,6.0
SN2023ixf,sdssg,60095.156282,11.308,0.018,LT,19.806,6.0
SN2023ixf,sdssg,60096.890198,11.344,0.023,LT,20.24,6.0
SN2023ixf,sdssg,60096.940387,11.336,0.022,LT,19.608,3.0
SN2023ixf,sdssg,60097.055128,11.319,0.018,LT,19.666,4.0
SN2023ixf,sdssg,60097.887794,11.347,0.026,LT,19.864,4.0
SN2023ixf,sdssg,60097.922996,11.365,0.025,LT,19.323,2.0
SN2023ixf,sdssg,60101.883299,11.469,0.035,LT,18.659,3.0
SN2023ixf,sdssg,60109.886047,11.866,0.053,LT,19.399,3.0
SN2023ixf,sdssg,60110.91053,11.84,0.015,LT,19.847,4.0
SN2023ixf,sdssg,60111.098408,11.91,0.043,LT,18.969,4.0
SN2023ixf,sdssg,60114.922643,12.022,0.021,LT,19.82,4.0
SN2023ixf,sdssg,60115.885577,12.033,0.022,LT,19.506,4.0
SN2023ixf,sdssg,60116.073548,12.076,0.02,LT,18.904,4.0
SN2023ixf,sdssg,60116.892465,12.088,0.019,LT,19.723,4.0
SN2023ixf,sdssg,60117.07864,12.141,0.009,LT,18.533,4.0
SN2023ixf,sdssg,60117.891332,12.111,0.019,LT,19.82,4.0
SN2023ixf,sdssg,60118.079527,12.136,0.028,LT,18.444,4.0
SN2023ixf,sdssg,60118.886929,12.143,0.018,LT,19.806,4.0
SN2023ixf,sdssg,60119.888788,12.175,0.018,LT,19.954,5.0
SN2023ixf,sdssg,60120.080185,12.228,0.009,LT,18.955,6.0
SN2023ixf,sdssg,60120.889352,12.21,0.022,LT,19.931,6.0
SN2023ixf,sdssg,60121.078014,12.265,0.01,LT,18.583,6.0
SN2023ixf,sdssg,60121.889213,12.239,0.017,LT,19.806,6.0
SN2023ixf,sdssg,60121.97649,12.251,0.031,LT,19.608,6.0
SN2023ixf,sdssg,60122.890426,12.286,0.013,LT,19.524,6.0
SN2023ixf,sdssg,60123.080017,12.289,0.034,LT,18.484,6.0
SN2023ixf,sdssg,60123.974896,12.292,0.022,LT,19.933,8.0
SN2023ixf,sdssg,60124.98336,12.332,0.014,LT,19.878,8.0
SN2023ixf,sdssg,60126.037157,12.393,0.014,LT,19.166,8.0
SN2023ixf,sdssg,60126.889981,12.396,0.016,LT,19.505,8.0
SN2023ixf,sdssg,60127.886817,12.419,0.018,LT,20.013,8.0
SN2023ixf,sdssg,60129.887027,12.544,0.058,LT,17.782,8.0
SN2023ixf,sdssg,60133.884979,12.546,0.018,LT,20.376,8.0
SN2023ixf,sdssg,60134.888705,12.566,0.015,LT,20.541,8.0
SN2023ixf,sdssg,60135.886293,12.58,0.028,LT,20.595,10.0
SN2023ixf,sdssg,60136.988877,12.615,0.013,LT,19.385,10.0
SN2023ixf,sdssg,60138.018991,12.633,0.013,LT,18.886,10.0
SN2023ixf,sdssg,60139.88443,12.678,0.013,LT,19.546,10.0
SN2023ixf,sdssg,60140.884341,12.682,0.025,LT,19.76,10.0
SN2023ixf,sdssg,60143.884769,12.778,0.014,LT,20.174,10.0
SN2023ixf,sdssg,60144.998,12.78,0.026,LT,19.81,10.0
SN2023ixf,sdssg,60145.990665,12.802,0.014,LT,19.69,10.0
SN2023ixf,sdssg,60146.881088,12.838,0.02,LT,20.22,10.0
SN2023ixf,sdssg,60148.881078,12.92,0.017,LT,20.311,10.0
SN2023ixf,sdssg,60150.89632,12.962,0.018,LT,20.527,10.0
SN2023ixf,sdssg,60151.882354,13.0,0.022,LT,20.178,10.0
SN2023ixf,sdssg,60152.883758,13.068,0.015,LT,20.438,10.0
SN2023ixf,sdssg,60153.881965,13.106,0.018,LT,20.498,14.0
SN2023ixf,sdssg,60154.879982,13.141,0.016,LT,20.362,14.0
SN2023ixf,sdssg,60155.977449,13.221,0.01,LT,19.316,14.0
SN2023ixf,sdssg,60157.944971,13.302,0.013,LT,19.264,14.0
SN2023ixf,sdssg,60158.974804,13.369,0.014,LT,19.701,20.0
SN2023ixf,sdssg,60158.980343,13.38,0.015,LT,19.359,14.0
SN2023ixf,sdssg,60160.873748,13.522,0.014,LT,20.119,20.0
SN2023ixf,sdssg,60161.878299,13.622,0.017,LT,21.211,20.0
SN2023ixf,sdssg,60162.875881,13.76,0.02,LT,21.16,20.0
SN2023ixf,sdssg,60163.878973,13.921,0.016,LT,21.409,25.0
SN2023ixf,sdssg,60164.873393,14.107,0.016,LT,21.098,25.0
SN2023ixf,sdssg,60165.95665,14.321,0.02,LT,20.374,25.0
SN2023ixf,sdssg,60171.890466,14.976,0.01,LT,20.545,25.0
SN2023ixf,sdssg,60171.896456,14.98,0.017,LT,20.708,25.0
SN2023ixf,sdssg,60172.898024,15.018,0.015,LT,21.094,30.0
SN2023ixf,sdssg,60173.87827,15.045,0.016,LT,21.66,30.0
SN2023ixf,sdssg,60174.880314,15.081,0.015,LT,21.304,30.0
SN2023ixf,sdssg,60175.891365,15.082,0.009,LT,19.962,30.0
SN2023ixf,sdssg,60186.895853,15.229,0.012,LT,19.752,45.0
SN2023ixf,sdssg,60189.852743,15.271,0.024,LT,20.084,30.0
SN2023ixf,sdssg,60196.846699,15.329,0.015,LT,20.531,40.0
SN2023ixf,sdssg,60197.84683,15.328,0.019,LT,20.721,40.0
SN2023ixf,sdssg,60264.272723,16.032,0.023,LT,20.502,40.0
SN2023ixf,sdssg,60266.256874,16.066,0.025,LT,20.623,45.0
SN2023ixf,sdssg,60267.264003,16.063,0.025,LT,20.355,45.0
SN2023ixf,sdssg,60268.250449,16.063,0.021,LT,20.582,45.0
SN2023ixf,sdssg,60271.281173,16.093,0.02,LT,20.337,45.0
SN2023ixf,sdssg,60278.218339,16.175,0.028,LT,19.967,45.0
SN2023ixf,sdssg,60282.208132,16.191,0.044,LT,20.01,45.0
SN2023ixf,sdssg,60285.212733,16.203,0.049,LT,19.169,45.0
SN2023ixf,sdssg,60287.194777,16.3,0.016,LT,20.618,45.0
SN2023ixf,sdssg,60288.210888,16.303,0.025,LT,21.328,45.0
SN2023ixf,sdssg,60289.206484,16.315,0.024,LT,21.255,45.0
SN2023ixf,sdssg,60290.201777,16.312,0.02,LT,21.195,45.0
SN2023ixf,sdssg,60291.212003,16.297,0.011,LT,21.186,45.0
SN2023ixf,sdssg,60292.196204,16.314,0.019,LT,20.842,45.0
SN2023ixf,sdssg,60293.196785,16.362,0.014,LT,20.816,45.0
SN2023ixf,sdssg,60294.190133,16.345,0.021,LT,20.851,45.0
SN2023ixf,sdssg,60296.190653,16.37,0.018,LT,21.235,45.0
SN2023ixf,sdssg,60297.193834,16.403,0.031,LT,19.87,45.0
SN2023ixf,sdssg,60299.176474,16.42,0.029,LT,20.066,45.0
SN2023ixf,sdssg,60305.174768,16.394,0.044,LT,19.405,45.0
SN2023ixf,sdssg,60307.156963,16.455,0.031,LT,20.242,45.0
SN2023ixf,sdssg,60309.153685,16.486,0.031,LT,20.261,45.0
SN2023ixf,sdssg,60319.125954,16.644,0.017,LT,20.922,50.0
SN2023ixf,sdssg,60321.171976,16.686,0.022,LT,20.431,50.0
SN2023ixf,sdssg,60330.104685,16.772,0.04,LT,19.68,50.0
SN2023ixf,sdssg,60333.093112,16.744,0.033,LT,19.911,50.0
SN2023ixf,sdssg,60335.086396,16.797,0.079,LT,18.972,50.0
SN2023ixf,sdssg,60339.085868,16.797,0.019,LT,20.569,50.0
SN2023ixf,sdssg,60367.003891,17.125,0.037,LT,20.081,50.0
SN2023ixf,sdssg,60373.121138,17.209,0.008,LT,21.786,50.0
SN2023ixf,sdssg,60375.010966,17.229,0.02,LT,20.854,50.0
SN2023ixf,sdssg,60376.00055,17.251,0.013,LT,21.366,50.0
SN2023ixf,sdssg,60378.068147,17.291,0.009,LT,21.776,50.0
SN2023ixf,sdssg,60379.96525,17.274,0.013,LT,21.341,50.0
SN2023ixf,sdssg,60383.101662,17.321,0.011,LT,21.56,50.0
SN2023ixf,sdssg,60384.979336,17.36,0.016,LT,21.164,50.0
SN2023ixf,sdssg,60394.92206,17.352,0.075,LT,19.49,50.0
SN2023ixf,sdssg,60403.993212,17.578,0.026,LT,21.245,70.0
SN2023ixf,sdssg,60487.884586,18.468,0.034,LT,21.522,70.0
SN2023ixf,sdssi,60083.925251,14.729,0.013,LT,22.09,60.0
SN2023ixf,sdssi,60083.981657,14.598,0.013,LT,22.074,60.0
SN2023ixf,sdssi,60084.148335,14.18,0.02,LT,21.267,40.0
SN2023ixf,sdssi,60084.066624,14.389,0.015,LT,21.852,40.0
SN2023ixf,sdssi,60084.893355,12.831,0.013,LT,21.661,40.0
SN2023ixf,sdssi,60084.953936,12.672,0.013,LT,21.322,20.0
SN2023ixf,sdssi,60085.137714,12.474,0.028,LT,20.439,15.0
SN2023ixf,sdssi,60085.04616,12.569,0.017,LT,20.905,15.0
SN2023ixf,sdssi,60085.892521,11.952,0.013,LT,21.152,15.0
SN2023ixf,sdssi,60085.997305,11.912,0.015,LT,20.911,15.0
SN2023ixf,sdssi,60086.898514,11.659,0.011,LT,20.825,10.0
SN2023ixf,sdssi,60087.084421,11.81,0.016,LT,21.079,10.0
SN2023ixf,sdssi,60087.942084,11.534,0.015,LT,20.82,10.0
SN2023ixf,sdssi,60088.123656,11.478,0.012,LT,19.447,5.0
SN2023ixf,sdssi,60088.011463,11.62,0.016,LT,20.967,10.0
SN2023ixf,sdssi,60094.019748,11.341,0.017,LT,20.23,5.0
SN2023ixf,sdssi,60094.886736,11.32,0.012,LT,19.901,4.0
SN2023ixf,sdssi,60094.954586,11.334,0.02,LT,20.001,4.0
SN2023ixf,sdssi,60095.01443,11.331,0.016,LT,19.962,4.0
SN2023ixf,sdssi,60095.157121,11.289,0.013,LT,19.842,4.0
SN2023ixf,sdssi,60096.89102,11.315,0.012,LT,20.048,4.0
SN2023ixf,sdssi,60096.941164,11.337,0.015,LT,19.928,3.0
SN2023ixf,sdssi,60097.055929,11.333,0.013,LT,19.776,3.0
SN2023ixf,sdssi,60097.888581,11.339,0.012,LT,20.026,3.0
SN2023ixf,sdssi,60097.92375,11.306,0.012,LT,19.697,2.0
SN2023ixf,sdssi,60101.884069,11.379,0.014,LT,18.737,2.0
SN2023ixf,sdssi,60109.886811,11.635,0.013,LT,19.066,2.0
SN2023ixf,sdssi,60114.923446,11.728,0.024,LT,19.665,3.0
SN2023ixf,sdssi,60115.886365,11.731,0.015,LT,19.386,3.0
SN2023ixf,sdssi,60116.893249,11.756,0.013,LT,19.692,3.0
SN2023ixf,sdssi,60117.07943,11.792,0.034,LT,18.451,3.0
SN2023ixf,sdssi,60117.89213,11.762,0.013,LT,19.938,3.0
SN2023ixf,sdssi,60118.080327,11.815,0.03,LT,18.622,3.0
SN2023ixf,sdssi,60118.887715,11.777,0.017,LT,19.675,3.0
SN2023ixf,sdssi,60119.889586,11.781,0.015,LT,19.76,3.0
SN2023ixf,sdssi,60120.890153,11.794,0.02,LT,19.644,3.0
SN2023ixf,sdssi,60121.977349,11.828,0.023,LT,18.972,3.0
SN2023ixf,sdssi,60122.891232,11.836,0.016,LT,19.113,3.0
SN2023ixf,sdssi,60123.975743,11.85,0.021,LT,19.208,3.0
SN2023ixf,sdssi,60127.887671,11.903,0.016,LT,19.64,3.0
SN2023ixf,sdssi,60131.890198,11.934,0.013,LT,19.57,3.0
SN2023ixf,sdssi,60132.903523,11.941,0.019,LT,19.646,3.0
SN2023ixf,sdssi,60133.885833,11.943,0.013,LT,19.875,3.0
SN2023ixf,sdssi,60134.889567,11.94,0.013,LT,19.687,3.0
SN2023ixf,sdssi,60144.998891,12.034,0.011,LT,19.199,4.0
SN2023ixf,sdssi,60145.991541,12.085,0.041,LT,18.532,4.0
SN2023ixf,sdssi,60146.881962,12.101,0.012,LT,19.694,4.0
SN2023ixf,sdssi,60148.881955,12.119,0.012,LT,19.931,4.0
SN2023ixf,sdssi,60150.897191,12.142,0.013,LT,19.82,4.0
SN2023ixf,sdssi,60151.883237,12.153,0.013,LT,19.757,4.0
SN2023ixf,sdssi,60152.884644,12.171,0.015,LT,19.969,4.0
SN2023ixf,sdssi,60153.882889,12.21,0.011,LT,20.04,5.0
SN2023ixf,sdssi,60154.880903,12.238,0.013,LT,19.956,5.0
SN2023ixf,sdssi,60158.975818,12.328,0.018,LT,19.438,7.0
SN2023ixf,sdssi,60159.96746,12.385,0.023,LT,19.511,7.0
SN2023ixf,sdssi,60160.874769,12.442,0.02,LT,19.724,7.0
SN2023ixf,sdssi,60161.87933,12.5,0.013,LT,20.482,7.0
SN2023ixf,sdssi,60162.876897,12.603,0.013,LT,20.499,7.0
SN2023ixf,sdssi,60163.880072,12.728,0.026,LT,20.731,8.0
SN2023ixf,sdssi,60164.874488,12.872,0.014,LT,20.519,8.0
SN2023ixf,sdssi,60165.957757,13.056,0.02,LT,19.765,10.0
SN2023ixf,sdssi,60171.89157,13.569,0.02,LT,20.077,10.0
SN2023ixf,sdssi,60171.897566,13.567,0.013,LT,20.097,10.0
SN2023ixf,sdssi,60172.899263,13.597,0.022,LT,20.512,15.0
SN2023ixf,sdssi,60173.879495,13.636,0.017,LT,21.026,15.0
SN2023ixf,sdssi,60174.88154,13.679,0.014,LT,20.839,15.0
SN2023ixf,sdssi,60175.892599,13.683,0.025,LT,19.653,15.0
SN2023ixf,sdssi,60186.894079,13.855,0.015,LT,19.944,20.0
SN2023ixf,sdssi,60191.85297,13.92,0.013,LT,20.029,15.0
SN2023ixf,sdssi,60193.85021,13.958,0.012,LT,20.085,15.0
SN2023ixf,sdssi,60196.848097,14.006,0.012,LT,20.355,20.0
SN2023ixf,sdssi,60197.848236,14.01,0.018,LT,20.486,20.0
SN2023ixf,sdssi,60264.27418,14.976,0.015,LT,20.216,25.0
SN2023ixf,sdssi,60267.261855,15.038,0.019,LT,20.467,30.0
SN2023ixf,sdssi,60268.248312,15.03,0.023,LT,20.516,30.0
SN2023ixf,sdssi,60277.233473,15.169,0.018,LT,20.222,30.0
SN2023ixf,sdssi,60278.216193,15.171,0.021,LT,20.282,30.0
SN2023ixf,sdssi,60285.21059,15.135,0.107,LT,17.686,30.0
SN2023ixf,sdssi,60288.208742,15.306,0.017,LT,20.757,30.0
SN2023ixf,sdssi,60289.204339,15.334,0.013,LT,20.98,30.0
SN2023ixf,sdssi,60290.19963,15.331,0.018,LT,20.548,30.0
SN2023ixf,sdssi,60291.209859,15.342,0.015,LT,20.851,30.0
SN2023ixf,sdssi,60292.194057,15.355,0.018,LT,20.644,30.0
SN2023ixf,sdssi,60293.194639,15.371,0.017,LT,20.587,30.0
SN2023ixf,sdssi,60294.187993,15.381,0.018,LT,20.863,30.0
SN2023ixf,sdssi,60296.18851,15.411,0.016,LT,20.886,30.0
SN2023ixf,sdssi,60297.191687,15.416,0.016,LT,19.796,30.0
SN2023ixf,sdssi,60298.179982,15.427,0.022,LT,19.68,30.0
SN2023ixf,sdssi,60299.174325,15.443,0.022,LT,19.837,30.0
SN2023ixf,sdssi,60308.151932,15.574,0.02,LT,20.619,30.0
SN2023ixf,sdssi,60309.151544,15.603,0.022,LT,20.105,30.0
SN2023ixf,sdssi,60316.150421,15.657,0.021,LT,20.758,35.0
SN2023ixf,sdssi,60318.127763,15.671,0.02,LT,20.302,35.0
SN2023ixf,sdssi,60319.123629,15.714,0.02,LT,20.307,35.0
SN2023ixf,sdssi,60330.106573,15.849,0.019,LT,20.673,50.0
SN2023ixf,sdssi,60333.09499,15.873,0.021,LT,20.491,50.0
SN2023ixf,sdssi,60335.088284,15.904,0.062,LT,19.197,50.0
SN2023ixf,sdssi,60339.087749,15.959,0.432,LT,21.071,50.0
SN2023ixf,sdssi,60368.995077,16.364,0.015,LT,20.238,50.0
SN2023ixf,sdssi,60373.122886,16.439,0.004,LT,21.71,50.0
SN2023ixf,sdssi,60375.012706,16.369,0.034,LT,19.55,50.0
SN2023ixf,sdssi,60376.001449,16.476,0.007,LT,21.159,50.0
SN2023ixf,sdssi,60378.069049,16.512,0.006,LT,21.339,50.0
SN2023ixf,sdssi,60378.077904,16.491,0.005,LT,21.574,50.0
SN2023ixf,sdssi,60383.103404,16.572,0.006,LT,21.505,50.0
SN2023ixf,sdssi,60384.980232,16.592,0.007,LT,21.321,50.0
SN2023ixf,sdssi,60387.081066,16.613,0.007,LT,21.334,50.0
SN2023ixf,sdssi,60388.937262,16.629,0.011,LT,20.856,50.0
SN2023ixf,sdssi,60403.994343,16.853,0.013,LT,20.909,50.0
SN2023ixf,sdssi,60409.052754,16.935,0.009,LT,21.35,50.0
SN2023ixf,sdssr,60083.924209,14.558,0.035,LT,22.375,60.0
SN2023ixf,sdssr,60083.980608,14.417,0.033,LT,22.329,60.0
SN2023ixf,sdssr,60084.147525,13.965,0.029,LT,21.509,40.0
SN2023ixf,sdssr,60084.065816,14.202,0.031,LT,22.11,40.0
SN2023ixf,sdssr,60084.89254,12.532,0.03,LT,21.783,40.0
SN2023ixf,sdssr,60084.95336,12.401,0.033,LT,21.509,20.0
SN2023ixf,sdssr,60085.045693,12.29,0.029,LT,20.564,10.0
SN2023ixf,sdssr,60085.892052,11.675,0.031,LT,20.654,10.0
SN2023ixf,sdssr,60085.996836,11.649,0.031,LT,20.102,10.0
SN2023ixf,sdssr,60086.898053,11.451,0.037,LT,21.025,10.0
SN2023ixf,sdssr,60087.083957,11.488,0.036,LT,21.099,10.0
SN2023ixf,sdssr,60087.94162,11.309,0.03,LT,20.959,10.0
SN2023ixf,sdssr,60088.123253,11.249,0.031,LT,19.554,5.0
SN2023ixf,sdssr,60088.011007,11.334,0.031,LT,20.981,10.0
SN2023ixf,sdssr,60094.145895,11.234,0.04,LT,19.618,5.0
SN2023ixf,sdssr,60094.019341,11.237,0.034,LT,20.375,5.0
SN2023ixf,sdssr,60094.88635,11.269,0.041,LT,19.986,4.0
SN2023ixf,sdssr,60094.954193,11.228,0.044,LT,20.233,4.0
SN2023ixf,sdssr,60095.01403,11.237,0.034,LT,19.751,4.0
SN2023ixf,sdssr,60095.156722,11.22,0.046,LT,19.432,4.0
SN2023ixf,sdssr,60096.890631,11.268,0.039,LT,20.114,4.0
SN2023ixf,sdssr,60096.940795,11.268,0.04,LT,19.888,3.0
SN2023ixf,sdssr,60097.055545,11.237,0.04,LT,19.842,3.0
SN2023ixf,sdssr,60097.888209,11.305,0.046,LT,19.931,3.0
SN2023ixf,sdssr,60097.923391,11.232,0.049,LT,19.505,2.0
SN2023ixf,sdssr,60098.09971,11.27,0.038,LT,19.513,2.0
SN2023ixf,sdssr,60109.886451,11.584,0.043,LT,19.228,2.0
SN2023ixf,sdssr,60110.91094,11.588,0.039,LT,19.882,3.0
SN2023ixf,sdssr,60111.098827,11.567,0.02,LT,18.915,3.0
SN2023ixf,sdssr,60114.923065,11.664,0.034,LT,19.483,3.0
SN2023ixf,sdssr,60115.885992,11.688,0.038,LT,19.412,3.0
SN2023ixf,sdssr,60116.073966,11.704,0.004,LT,18.901,3.0
SN2023ixf,sdssr,60116.892872,11.693,0.044,LT,19.659,3.0
SN2023ixf,sdssr,60117.07906,11.719,0.031,LT,18.618,3.0
SN2023ixf,sdssr,60117.891748,11.74,0.042,LT,19.791,3.0
SN2023ixf,sdssr,60118.079942,11.722,0.032,LT,18.52,3.0
SN2023ixf,sdssr,60118.887341,11.736,0.039,LT,19.804,3.0
SN2023ixf,sdssr,60119.077743,11.754,0.03,LT,18.612,3.0
SN2023ixf,sdssr,60119.889216,11.753,0.04,LT,19.79,3.0
SN2023ixf,sdssr,60120.080623,11.76,0.045,LT,18.659,3.0
SN2023ixf,sdssr,60120.889781,11.78,0.032,LT,19.516,3.0
SN2023ixf,sdssr,60121.078454,11.79,0.003,LT,18.611,3.0
SN2023ixf,sdssr,60121.88965,11.8,0.034,LT,19.315,3.0
SN2023ixf,sdssr,60121.976971,11.774,0.037,LT,19.453,3.0
SN2023ixf,sdssr,60122.89086,11.762,0.011,LT,18.943,3.0
SN2023ixf,sdssr,60123.080454,11.776,0.048,LT,17.996,3.0
SN2023ixf,sdssr,60123.975352,11.776,0.088,LT,19.604,5.0
SN2023ixf,sdssr,60124.983813,11.825,0.035,LT,19.774,5.0
SN2023ixf,sdssr,60126.037617,11.809,0.031,LT,19.15,5.0
SN2023ixf,sdssr,60126.890438,11.835,0.039,LT,19.371,5.0
SN2023ixf,sdssr,60127.887273,11.847,0.038,LT,20.039,5.0
SN2023ixf,sdssr,60129.887491,11.969,0.051,LT,17.608,5.0
SN2023ixf,sdssr,60130.906631,11.875,0.038,LT,20.068,5.0
SN2023ixf,sdssr,60131.889805,11.884,0.034,LT,20.274,5.0
SN2023ixf,sdssr,60132.903123,11.904,0.039,LT,20.283,5.0
SN2023ixf,sdssr,60133.885435,11.908,0.044,LT,20.358,5.0
SN2023ixf,sdssr,60134.889161,11.926,0.038,LT,20.387,5.0
SN2023ixf,sdssr,60135.886776,11.93,0.034,LT,20.31,5.0
SN2023ixf,sdssr,60136.98935,11.939,0.006,LT,18.876,5.0
SN2023ixf,sdssr,60138.019469,11.939,0.006,LT,18.274,5.0
SN2023ixf,sdssr,60139.88491,11.96,0.025,LT,19.507,5.0
SN2023ixf,sdssr,60139.990333,11.958,0.025,LT,18.117,5.0
SN2023ixf,sdssr,60140.884823,11.979,0.011,LT,19.156,5.0
SN2023ixf,sdssr,60143.885251,12.018,0.027,LT,19.684,5.0
SN2023ixf,sdssr,60144.998486,12.058,0.071,LT,19.526,5.0
SN2023ixf,sdssr,60145.991148,12.018,0.044,LT,19.213,5.0
SN2023ixf,sdssr,60146.881566,12.047,0.032,LT,19.967,5.0
SN2023ixf,sdssr,60148.881559,12.102,0.036,LT,20.08,5.0
SN2023ixf,sdssr,60149.975223,12.093,0.005,LT,18.842,5.0
SN2023ixf,sdssr,60150.896798,12.129,0.041,LT,20.091,5.0
SN2023ixf,sdssr,60151.882834,12.168,0.04,LT,19.886,5.0
SN2023ixf,sdssr,60152.884239,12.198,0.039,LT,20.145,5.0
SN2023ixf,sdssr,60153.882491,12.195,0.034,LT,19.921,5.0
SN2023ixf,sdssr,60154.88051,12.226,0.033,LT,20.043,5.0
SN2023ixf,sdssr,60155.977976,12.263,0.026,LT,18.977,5.0
SN2023ixf,sdssr,60157.945493,12.292,0.008,LT,18.866,5.0
SN2023ixf,sdssr,60158.975396,12.352,0.04,LT,19.307,7.0
SN2023ixf,sdssr,60158.980876,12.353,0.038,LT,19.037,5.0
SN2023ixf,sdssr,60159.967027,12.393,0.031,LT,19.451,7.0
SN2023ixf,sdssr,60160.874346,12.463,0.027,LT,19.776,7.0
SN2023ixf,sdssr,60161.878901,12.526,0.036,LT,20.532,7.0
SN2023ixf,sdssr,60162.876476,12.635,0.038,LT,20.543,7.0
SN2023ixf,sdssr,60163.879631,12.763,0.035,LT,20.72,8.0
SN2023ixf,sdssr,60164.87405,12.902,0.034,LT,20.486,8.0
SN2023ixf,sdssr,60165.9573,13.044,0.033,LT,19.791,10.0
SN2023ixf,sdssr,60171.891116,13.554,0.031,LT,19.956,10.0
SN2023ixf,sdssr,60171.897112,13.563,0.033,LT,19.891,10.0
SN2023ixf,sdssr,60172.898745,13.601,0.032,LT,20.684,15.0
SN2023ixf,sdssr,60173.878984,13.625,0.033,LT,20.982,15.0
SN2023ixf,sdssr,60174.881031,13.65,0.029,LT,20.769,15.0
SN2023ixf,sdssr,60175.892082,13.666,0.025,LT,19.412,15.0
SN2023ixf,sdssr,60176.909695,13.682,0.036,LT,19.918,15.0
SN2023ixf,sdssr,60186.895261,13.819,0.028,LT,19.597,20.0
SN2023ixf,sdssr,60189.853458,13.805,0.029,LT,20.086,15.0
SN2023ixf,sdssr,60195.849888,13.86,0.032,LT,19.843,15.0
SN2023ixf,sdssr,60196.847529,13.868,0.029,LT,20.351,20.0
SN2023ixf,sdssr,60197.847665,13.887,0.029,LT,20.337,20.0
SN2023ixf,sdssr,60264.273545,14.642,0.032,LT,20.496,25.0
SN2023ixf,sdssr,60265.259671,14.653,0.018,LT,19.883,25.0
SN2023ixf,sdssr,60266.256148,14.679,0.028,LT,20.551,30.0
SN2023ixf,sdssr,60267.263286,14.707,0.021,LT,20.455,30.0
SN2023ixf,sdssr,60268.249728,14.705,0.037,LT,20.5,30.0
SN2023ixf,sdssr,60271.280454,14.744,0.035,LT,20.487,30.0
SN2023ixf,sdssr,60277.234908,14.845,0.027,LT,20.177,30.0
SN2023ixf,sdssr,60278.217617,14.843,0.024,LT,20.107,30.0
SN2023ixf,sdssr,60282.207411,14.893,0.024,LT,20.197,30.0
SN2023ixf,sdssr,60286.196966,14.955,0.02,LT,20.033,30.0
SN2023ixf,sdssr,60287.194053,14.948,0.025,LT,20.564,30.0
SN2023ixf,sdssr,60288.210163,14.969,0.024,LT,21.0,30.0
SN2023ixf,sdssr,60289.205758,14.995,0.032,LT,21.008,30.0
SN2023ixf,sdssr,60290.201056,15.006,0.027,LT,20.865,30.0
SN2023ixf,sdssr,60291.21128,15.021,0.027,LT,20.878,30.0
SN2023ixf,sdssr,60292.195483,15.039,0.028,LT,20.696,30.0
SN2023ixf,sdssr,60293.196063,15.057,0.025,LT,20.706,30.0
SN2023ixf,sdssr,60294.18941,15.057,0.027,LT,20.855,30.0
SN2023ixf,sdssr,60296.189926,15.083,0.03,LT,21.167,30.0
SN2023ixf,sdssr,60297.193115,15.11,0.016,LT,19.96,30.0
SN2023ixf,sdssr,60299.175753,15.118,0.022,LT,20.296,30.0
SN2023ixf,sdssr,60307.156242,15.246,0.03,LT,20.391,30.0
SN2023ixf,sdssr,60308.153352,15.266,0.031,LT,20.508,30.0
SN2023ixf,sdssr,60309.152964,15.267,0.026,LT,20.337,30.0
SN2023ixf,sdssr,60316.151959,15.354,0.029,LT,20.84,35.0
SN2023ixf,sdssr,60317.127042,15.367,0.029,LT,20.43,35.0
SN2023ixf,sdssr,60318.129298,15.382,0.022,LT,20.51,35.0
SN2023ixf,sdssr,60319.125175,15.399,0.025,LT,20.616,35.0
SN2023ixf,sdssr,60321.171187,15.461,0.017,LT,20.17,35.0
SN2023ixf,sdssr,60330.105639,15.554,0.021,LT,20.382,50.0
SN2023ixf,sdssr,60333.094063,15.597,0.023,LT,19.944,50.0
SN2023ixf,sdssr,60367.004775,16.124,0.012,LT,20.259,50.0
SN2023ixf,sdssr,60368.994218,16.117,0.013,LT,20.108,50.0
SN2023ixf,sdssr,60373.122027,16.205,0.003,LT,21.775,50.0
SN2023ixf,sdssr,60375.011849,16.215,0.03,LT,20.046,50.0
SN2023ixf,sdssr,60376.00237,16.243,0.005,LT,21.229,50.0
SN2023ixf,sdssr,60378.069966,16.301,0.004,LT,21.573,50.0
SN2023ixf,sdssr,60378.077043,16.251,0.004,LT,21.588,50.0
SN2023ixf,sdssr,60379.967059,16.293,0.005,LT,21.339,50.0
SN2023ixf,sdssr,60383.102543,16.353,0.004,LT,21.589,50.0
SN2023ixf,sdssr,60384.98114,16.379,0.005,LT,21.407,50.0
SN2023ixf,sdssr,60387.081981,16.383,0.008,LT,20.987,50.0
SN2023ixf,sdssr,60388.938173,16.422,0.012,LT,20.577,50.0
SN2023ixf,sdssr,60394.923872,16.519,0.026,LT,19.818,50.0
SN2023ixf,sdssr,60402.069468,16.626,0.004,LT,21.919,50.0
SN2023ixf,sdssr,60403.995251,16.666,0.034,LT,20.48,50.0
SN2023ixf,sdssr,60409.053667,16.727,0.007,LT,21.529,50.0
SN2023ixf,sdssu,60083.92141,14.395,0.034,LT,21.151,120.0
SN2023ixf,sdssu,60083.977808,14.205,0.028,LT,20.849,120.0
SN2023ixf,sdssu,60084.145647,13.792,0.091,LT,19.504,60.0
SN2023ixf,sdssu,60084.063932,13.925,0.036,LT,20.365,60.0
SN2023ixf,sdssu,60084.951887,11.851,0.094,LT,19.881,45.0
SN2023ixf,sdssu,60085.135722,11.737,0.166,LT,19.644,50.0
SN2023ixf,sdssu,60085.044162,11.764,0.166,LT,19.714,50.0
SN2023ixf,sdssu,60085.890524,11.165,0.035,LT,19.823,50.0
SN2023ixf,sdssu,60087.08254,10.937,0.053,LT,20.106,50.0
SN2023ixf,sdssu,60087.9402,10.889,0.124,LT,19.907,50.0
SN2023ixf,sdssu,60088.12189,10.859,0.062,LT,19.128,50.0
SN2023ixf,sdssu,60088.009594,10.86,0.033,LT,,50.0
SN2023ixf,sdssu,60094.144516,11.463,0.095,LT,19.409,50.0
SN2023ixf,sdssu,60094.017966,11.346,0.087,LT,20.035,50.0
SN2023ixf,sdssu,60095.012664,11.439,0.08,LT,19.742,50.0
SN2023ixf,sdssu,60096.939346,11.553,0.135,LT,19.818,60.0
SN2023ixf,sdssu,60097.054091,11.618,0.101,LT,19.728,60.0
SN2023ixf,sdssu,60097.886748,11.686,0.085,LT,20.174,60.0
SN2023ixf,sdssu,60098.09828,11.758,0.035,LT,19.684,60.0
SN2023ixf,sdssu,60101.882264,11.992,0.041,LT,19.456,60.0
SN2023ixf,sdssu,60111.100036,12.983,0.128,LT,19.151,60.0
SN2023ixf,sdssu,60114.924279,13.431,0.077,LT,20.349,60.0
SN2023ixf,sdssu,60115.887204,13.518,0.04,LT,20.142,60.0
SN2023ixf,sdssu,60116.075168,13.54,0.115,LT,19.101,60.0
SN2023ixf,sdssu,60116.894079,13.657,0.041,LT,20.225,60.0
SN2023ixf,sdssu,60117.080257,13.695,8.633,LT,18.901,60.0
SN2023ixf,sdssu,60117.892967,13.758,0.063,LT,20.247,60.0
SN2023ixf,sdssu,60118.081149,13.718,0.024,LT,18.735,60.0
SN2023ixf,sdssu,60119.078947,13.784,0.048,LT,18.747,60.0
SN2023ixf,sdssu,60119.890415,13.961,0.053,LT,20.357,60.0
SN2023ixf,sdssu,60120.89098,14.103,0.043,LT,20.034,60.0
SN2023ixf,sdssu,60121.978171,14.017,0.106,LT,19.517,60.0
SN2023ixf,sdssu,60122.892057,14.213,0.085,LT,19.161,60.0
SN2023ixf,sdssu,60123.081661,14.289,0.118,LT,18.316,60.0
SN2023ixf,sdssu,60123.976572,14.269,0.104,LT,19.713,60.0
SN2023ixf,sdssu,60124.985043,14.419,0.036,LT,19.641,60.0
SN2023ixf,sdssu,60126.038851,14.51,0.039,LT,18.701,60.0
SN2023ixf,sdssu,60130.907875,14.881,0.045,LT,19.995,60.0
SN2023ixf,sdssu,60134.890403,15.249,0.088,LT,20.393,60.0
SN2023ixf,sdssu,60138.020729,15.434,0.149,LT,18.344,60.0
SN2023ixf,sdssu,60143.886516,15.745,0.019,LT,20.34,60.0
SN2023ixf,sdssu,60144.999753,15.759,0.059,LT,19.586,60.0
SN2023ixf,sdssu,60151.884099,16.192,0.044,LT,20.297,60.0
SN2023ixf,sdssu,60152.885507,16.242,0.082,LT,20.25,60.0
SN2023ixf,sdssu,60154.881786,16.461,0.033,LT,20.332,60.0
SN2023ixf,sdssu,60157.946776,16.602,0.09,LT,18.657,60.0
SN2023ixf,sdssu,60158.976722,16.68,0.285,LT,18.938,60.0
SN2023ixf,sdssu,60160.875671,16.975,0.086,LT,19.776,60.0
SN2023ixf,sdssu,60161.880231,16.906,0.071,LT,20.446,60.0
SN2023ixf,sdssu,60162.877802,17.014,0.052,LT,20.463,60.0
SN2023ixf,sdssu,60171.892549,17.677,0.111,LT,19.789,60.0
SN2023ixf,sdssu,60171.89854,17.672,0.114,LT,19.6,60.0
SN2023ixf,sdssu,60173.880586,17.72,0.093,LT,20.077,90.0
SN2023ixf,sdssu,60174.882631,17.759,0.047,LT,20.633,90.0
SN2023ixf,sdssu,60175.893686,17.478,0.197,LT,18.736,90.0
SN2023ixf,sdssu,60189.855101,17.834,0.092,LT,19.836,90.0
SN2023ixf,sdssu,60195.851489,18.369,0.153,LT,19.853,90.0
SN2023ixf,sdssu,60196.849308,17.85,0.063,LT,20.368,150.0
SN2023ixf,sdssu,60197.849461,17.797,0.068,LT,20.571,150.0
SN2023ixf,sdssu,60288.21337,19.169,0.168,LT,20.448,180.0
SN2023ixf,sdssz,60088.011931,11.748,0.051,LT,20.277,10.0
SN2023ixf,sdssz,60088.124066,11.759,0.05,LT,19.228,7.0
SN2023ixf,sdssz,60094.146708,11.496,0.018,LT,19.71,8.0
SN2023ixf,sdssz,60094.887132,11.474,0.021,LT,19.832,7.0
SN2023ixf,sdssz,60094.954985,11.472,0.053,LT,19.924,7.0
SN2023ixf,sdssz,60095.014826,11.478,0.018,LT,19.783,7.0
SN2023ixf,sdssz,60096.891411,11.445,0.019,LT,19.995,7.0
SN2023ixf,sdssz,60096.941551,11.438,0.02,LT,19.735,5.0
SN2023ixf,sdssz,60097.056313,11.456,0.019,LT,19.795,6.0
SN2023ixf,sdssz,60097.888965,11.48,0.054,LT,20.002,6.0
SN2023ixf,sdssz,60097.924126,11.448,0.017,LT,19.461,3.0
SN2023ixf,sdssz,60098.100443,11.413,0.034,LT,19.174,3.0
SN2023ixf,sdssz,60109.887174,11.695,0.025,LT,18.696,3.0
SN2023ixf,sdssz,60110.911703,11.687,0.051,LT,19.548,4.0
SN2023ixf,sdssz,60111.099593,11.692,0.025,LT,18.592,4.0
SN2023ixf,sdssz,60115.886751,11.778,0.018,LT,19.269,4.0
SN2023ixf,sdssz,60116.893636,11.764,0.021,LT,19.225,4.0
SN2023ixf,sdssz,60117.892516,11.769,0.018,LT,19.544,4.0
SN2023ixf,sdssz,60118.080706,11.828,0.022,LT,18.254,4.0
SN2023ixf,sdssz,60118.888098,11.78,0.054,LT,19.374,4.0
SN2023ixf,sdssz,60119.078504,11.83,0.03,LT,18.532,4.0
SN2023ixf,sdssz,60119.889972,11.812,0.018,LT,19.487,4.0
SN2023ixf,sdssz,60120.081389,11.789,0.031,LT,18.504,4.0
SN2023ixf,sdssz,60120.890542,11.827,0.052,LT,19.511,4.0
SN2023ixf,sdssz,60121.079223,11.862,0.03,LT,18.354,4.0
SN2023ixf,sdssz,60121.97773,11.811,0.022,LT,19.032,4.0
SN2023ixf,sdssz,60122.891617,11.82,0.05,LT,18.863,4.0
SN2023ixf,sdssz,60123.97613,11.846,0.052,LT,18.955,4.0
SN2023ixf,sdssz,60126.891223,11.834,0.054,LT,18.748,4.0
SN2023ixf,sdssz,60127.888053,11.884,0.061,LT,19.42,4.0
SN2023ixf,sdssz,60129.888268,11.923,0.043,LT,18.312,5.0
SN2023ixf,sdssz,60130.907419,11.906,0.053,LT,19.473,5.0
SN2023ixf,sdssz,60131.890585,11.873,0.023,LT,19.621,5.0
SN2023ixf,sdssz,60132.903909,11.887,0.053,LT,19.785,5.0
SN2023ixf,sdssz,60133.886212,11.912,0.053,LT,19.711,5.0
SN2023ixf,sdssz,60134.889951,11.915,0.049,LT,19.507,5.0
SN2023ixf,sdssz,60135.88756,11.939,0.054,LT,19.708,5.0
SN2023ixf,sdssz,60138.020266,11.959,0.02,LT,18.029,6.0
SN2023ixf,sdssz,60139.99112,11.982,0.04,LT,18.225,6.0
SN2023ixf,sdssz,60143.886043,11.982,0.02,LT,19.66,6.0
SN2023ixf,sdssz,60144.999285,11.969,0.065,LT,18.985,6.0
SN2023ixf,sdssz,60148.882348,12.051,0.053,LT,19.746,6.0
SN2023ixf,sdssz,60149.976017,12.058,0.02,LT,18.515,6.0
SN2023ixf,sdssz,60150.897582,12.075,0.056,LT,19.794,6.0
SN2023ixf,sdssz,60151.883638,12.081,0.018,LT,19.586,6.0
SN2023ixf,sdssz,60152.885041,12.091,0.018,LT,19.722,6.0
SN2023ixf,sdssz,60153.883292,12.115,0.052,LT,19.882,7.0
SN2023ixf,sdssz,60154.88131,12.144,0.02,LT,19.881,7.0
SN2023ixf,sdssz,60155.978778,12.127,0.02,LT,18.874,7.0
SN2023ixf,sdssz,60157.946297,12.2,0.062,LT,19.09,7.0
SN2023ixf,sdssz,60158.976246,12.247,0.018,LT,19.032,7.0
SN2023ixf,sdssz,60159.967886,12.225,0.019,LT,19.042,7.0
SN2023ixf,sdssz,60160.875194,12.311,0.048,LT,19.351,7.0
SN2023ixf,sdssz,60161.879753,12.346,0.054,LT,19.828,7.0
SN2023ixf,sdssz,60162.877323,12.42,0.019,LT,19.963,7.0
SN2023ixf,sdssz,60163.880509,12.524,0.054,LT,20.267,8.0
SN2023ixf,sdssz,60164.874935,12.61,0.054,LT,19.858,8.0
SN2023ixf,sdssz,60165.958221,12.738,0.02,LT,19.083,10.0
SN2023ixf,sdssz,60171.892034,13.153,0.019,LT,19.496,10.0
SN2023ixf,sdssz,60171.898032,13.16,0.023,LT,19.461,10.0
SN2023ixf,sdssz,60172.899785,13.207,0.018,LT,20.02,15.0
SN2023ixf,sdssz,60173.880019,13.227,0.056,LT,20.505,15.0
SN2023ixf,sdssz,60174.882064,13.246,0.049,LT,20.071,15.0
SN2023ixf,sdssz,60175.893119,13.272,0.046,LT,18.871,15.0
SN2023ixf,sdssz,60186.894659,13.378,0.021,LT,19.584,20.0
SN2023ixf,sdssz,60191.853491,13.396,0.021,LT,19.672,15.0
SN2023ixf,sdssz,60193.850728,13.396,0.021,LT,19.535,15.0
SN2023ixf,sdssz,60195.850919,13.434,0.052,LT,19.659,15.0
SN2023ixf,sdssz,60196.848685,13.479,0.02,LT,19.874,20.0
SN2023ixf,sdssz,60197.848822,13.472,0.021,LT,19.742,20.0
SN2023ixf,sdssz,60265.26095,14.336,0.021,LT,19.415,25.0
SN2023ixf,sdssz,60266.255427,14.348,0.022,LT,19.735,30.0
SN2023ixf,sdssz,60267.262562,14.448,0.058,LT,19.966,30.0
SN2023ixf,sdssz,60268.249009,14.387,0.052,LT,19.728,30.0
SN2023ixf,sdssz,60271.279721,14.429,0.062,LT,19.717,30.0
SN2023ixf,sdssz,60274.245511,14.514,0.056,LT,19.474,30.0
SN2023ixf,sdssz,60277.234175,14.545,0.049,LT,19.931,30.0
SN2023ixf,sdssz,60278.216896,14.54,0.054,LT,19.692,30.0
SN2023ixf,sdssz,60282.20669,14.678,0.05,LT,19.283,30.0
SN2023ixf,sdssz,60286.196244,14.67,0.028,LT,18.916,30.0
SN2023ixf,sdssz,60287.193333,14.766,0.056,LT,19.407,30.0
SN2023ixf,sdssz,60288.20944,14.765,0.06,LT,20.034,30.0
SN2023ixf,sdssz,60289.205037,14.771,0.054,LT,20.215,30.0
SN2023ixf,sdssz,60290.200335,14.759,0.053,LT,19.868,30.0
SN2023ixf,sdssz,60291.210559,14.8,0.054,LT,20.138,30.0
SN2023ixf,sdssz,60292.194757,14.826,0.059,LT,19.868,30.0
SN2023ixf,sdssz,60293.195338,14.84,0.06,LT,19.765,30.0
SN2023ixf,sdssz,60294.188689,14.843,0.06,LT,20.011,30.0
SN2023ixf,sdssz,60296.189206,14.922,0.052,LT,20.296,30.0
SN2023ixf,sdssz,60298.180692,14.962,0.052,LT,19.257,30.0
SN2023ixf,sdssz,60299.175027,14.958,0.049,LT,18.984,30.0
SN2023ixf,sdssz,60308.15263,15.084,0.063,LT,19.972,30.0
SN2023ixf,sdssz,60309.152245,15.082,0.059,LT,19.381,30.0
SN2023ixf,sdssz,60316.151179,15.264,0.056,LT,19.883,35.0
SN2023ixf,sdssz,60317.126254,15.283,0.06,LT,19.85,35.0
SN2023ixf,sdssz,60319.124386,15.351,0.058,LT,19.75,35.0
SN2023ixf,sdssz,60321.170398,15.383,0.047,LT,19.123,35.0
SN2023ixf,sdssz,60365.010494,16.213,0.032,LT,19.257,50.0
SN2023ixf,sdssz,60367.006496,16.274,0.016,LT,20.087,50.0
SN2023ixf,sdssz,60368.995943,16.36,0.022,LT,19.855,50.0
SN2023ixf,sdssz,60376.003252,16.501,0.017,LT,20.232,50.0
SN2023ixf,sdssz,60378.070846,16.514,0.011,LT,20.721,50.0
SN2023ixf,sdssz,60379.967937,16.552,0.021,LT,20.072,50.0
SN2023ixf,sdssz,60383.080976,16.605,0.015,LT,20.458,50.0
SN2023ixf,sdssz,60383.104271,16.627,0.013,LT,20.603,50.0
SN2023ixf,sdssz,60384.982018,16.666,0.015,LT,20.608,50.0
SN2023ixf,sdssz,60387.082861,16.684,0.015,LT,20.601,50.0
SN2023ixf,sdssz,60388.939053,16.718,0.021,LT,20.244,50.0
SN2023ixf,sdssz,60394.924749,16.858,0.044,LT,19.588,50.0
SN2023ixf,sdssz,60402.070347,16.958,0.012,LT,21.108,50.0
SN2023ixf,sdssz,60403.996126,16.995,0.095,LT,18.847,50.0
SN2023ixf,sdssz,60490.890204,18.241,0.05,LT,20.806,75.0
SN2023ixf,sdssz,60409.054547,17.095,0.012,LT,21.235,45.0
SN2023ixf,sdssz,60484.899089,18.259,0.024,LT,21.634,75.0
SN2023ixf,sdssz,60487.889004,18.335,0.028,LT,21.531,75.0
SN2023ixf,sdssz,60490.890204,18.27,0.033,LT,21.299,75.0
SN2023ixf,sdssz,60495.891633,18.38,0.027,LT,21.613,75.0
SN2023ixf,sdssg,60570.838284,18.972,0.168,LT,20.228,80.0
SN2023ixf,sdssr,60570.839514,18.532,0.079,LT,20.749,50.0
SN2023ixf,sdssi,60570.840371,19.228,0.111,LT,20.982,50.0
SN2023ixf,sdssz,60570.841236,18.916,0.1,LT,20.726,50.0
SN2023ixf,sdssi,60579.849005,19.468,0.095,LT,21.466,60.0
SN2023ixf,sdssz,60579.85103,19.048,0.127,LT,20.689,60.0
SN2023ixf,sdssg,60585.842061,19.639,0.077,LT,21.726,90.0
SN2023ixf,sdssi,60585.844697,19.698,0.201,LT,20.809,90.0
SN2023ixf,sdssr,60585.84607,18.924,0.082,LT,21.016,90.0
SN2023ixf,sdssz,60585.847416,18.866,0.178,LT,20.026,75.0
SN2023ixf,sdssg,60593.834323,19.578,0.089,LT,21.59,90.0
SN2023ixf,sdssr,60593.838342,18.88,0.063,LT,21.536,90.0
SN2023ixf,sdssi,60593.836959,19.53,0.082,LT,21.671,90.0
SN2023ixf,sdssz,60593.839683,19.2,0.15,LT,20.46,75.0
SN2023ixf,sdssg,60593.834323,19.723,0.072,LT,22.103,90.0
