IMG,OBJ,FILT,MJD,SEE,AIRM,EXPTIME,DATE-OBS
h_e_20241003_204_1_1_1.fits,ZTF24abjjpbo,Bessell-B,60587.075982,2.595609,1.517948,30.0,2024-10-04T01:49:24.806
h_e_20241004_157_1_1_1.fits,ZTF24abjjpbo,Bessell-B,60588.074155,1.709147,1.514542,30.0,2024-10-05T01:46:46.993
h_e_20241005_136_1_1_1.fits,ZTF24abjjpbo,Bessell-B,60589.081783,1.437394,1.480971,30.0,2024-10-06T01:57:46.016
h_e_20241006_113_1_1_1.fits,ZTF24abjjpbo,Bessell-B,60590.067103,1.642177,1.520565,30.0,2024-10-07T01:36:37.688
h_e_20241007_79_1_1_1.fits,ZTF24abjjpbo,Bessell-B,60591.069443,1.510233,1.502261,30.0,2024-10-08T01:39:59.878
h_e_20241008_54_1_1_1.fits,ZTF24abjjpbo,Bessell-B,60592.077496,2.310915,1.47063,30.0,2024-10-09T01:51:35.638
h_e_20241009_74_1_1_1.fits,ZTF24abjjpbo,Bessell-B,60593.067281,1.368665,1.491547,30.0,2024-10-10T01:36:53.092
h_e_20241010_77_1_1_1.fits,ZTF24abjjpbo,Bessell-B,60594.095585,1.220195,1.432474,30.0,2024-10-11T02:17:38.576
h_e_20241011_79_1_1_1.fits,ZTF24abjjpbo,Bessell-B,60595.055111,1.879289,1.514302,30.0,2024-10-12T01:19:21.587
h_e_20241012_5_1_1_1.fits,ZTF24abjjpbo,Bessell-B,60596.074374,2.323119,1.453515,30.0,2024-10-13T01:47:05.902
h_e_20241013_137_1_1_1.fits,ZTF24abjjpbo,Bessell-B,60597.088238,1.617323,1.431835,30.0,2024-10-14T02:07:03.773
h_e_20241016_27_1_1_1.fits,ZTF24abjjpbo,Bessell-B,60600.045001,966.0,1.501811,60.0,2024-10-17T01:04:48.092
h_e_20241003_207_1_1_1.fits,ZTF24abjjpbo,Bessell-V,60587.079055,2.669913,1.506769,30.0,2024-10-04T01:53:50.363
h_e_20241004_160_1_1_1.fits,ZTF24abjjpbo,Bessell-V,60588.077239,1.31727,1.503613,30.0,2024-10-05T01:51:13.471
h_e_20241005_139_1_1_1.fits,ZTF24abjjpbo,Bessell-V,60589.084892,1.088478,1.472634,30.0,2024-10-06T02:02:14.635
h_e_20241006_116_1_1_1.fits,ZTF24abjjpbo,Bessell-V,60590.070177,1.426079,1.509194,30.0,2024-10-07T01:41:03.322
h_e_20241007_82_1_1_1.fits,ZTF24abjjpbo,Bessell-V,60591.07252,1.622282,1.492261,30.0,2024-10-08T01:44:25.714
h_e_20241008_57_1_1_1.fits,ZTF24abjjpbo,Bessell-V,60592.080569,5.276018,1.463327,30.0,2024-10-09T01:56:01.125
h_e_20241009_77_1_1_1.fits,ZTF24abjjpbo,Bessell-V,60593.070352,1.054583,1.482403,30.0,2024-10-10T01:41:18.401
h_e_20241010_80_1_1_1.fits,ZTF24abjjpbo,Bessell-V,60594.09866,1.013667,1.430392,30.0,2024-10-11T02:22:04.256
h_e_20241011_82_1_1_1.fits,ZTF24abjjpbo,Bessell-V,60595.058182,1.394085,1.50343,30.0,2024-10-12T01:23:46.944
h_e_20241012_8_1_1_1.fits,ZTF24abjjpbo,Bessell-V,60596.077452,2.281199,1.447997,30.0,2024-10-13T01:51:31.895
h_e_20241013_140_1_1_1.fits,ZTF24abjjpbo,Bessell-V,60597.091311,1.685853,1.429932,30.0,2024-10-14T02:11:29.229
h_e_20241016_30_1_1_1.fits,ZTF24abjjpbo,Bessell-V,60600.049812,1.615136,1.486577,60.0,2024-10-17T01:11:43.740
h_e_20240926_68_1_1_1.fits,ZTF24abjjpbo,SDSS-G,60580.05019,1.249561,1.802967,60.0,2024-09-27T01:12:16.441
h_e_20240927_62_1_1_1.fits,ZTF24abjjpbo,SDSS-G,60581.042049,1.586107,1.858069,60.0,2024-09-28T01:00:33.059
h_e_20240928_92_1_1_1.fits,ZTF24abjjpbo,SDSS-G,60582.040945,1.420251,1.840907,60.0,2024-09-29T00:58:57.678
h_e_20240929_43_1_1_1.fits,ZTF24abjjpbo,SDSS-G,60583.040661,1.441873,1.816029,60.0,2024-09-30T00:58:33.106
h_e_20240930_110_1_1_1.fits,ZTF24abjjpbo,SDSS-G,60584.034113,1.752942,1.855431,60.0,2024-10-01T00:49:07.338
h_e_20241001_61_1_1_1.fits,ZTF24abjjpbo,SDSS-G,60585.044037,2.699546,1.735754,30.0,2024-10-02T01:03:24.839
h_e_20241001_61_2_1_1.fits,ZTF24abjjpbo,SDSS-G,60585.044601,2.043756,1.731133,30.0,2024-10-02T01:04:13.495
h_e_20241003_178_1_1_1.fits,ZTF24abjjpbo,SDSS-G,60587.009933,5.35078,2.057662,30.0,2024-10-04T00:14:18.249
h_e_20241003_198_1_1_1.fits,ZTF24abjjpbo,SDSS-G,60587.037979,2.674502,1.740744,30.0,2024-10-04T00:54:41.364
h_e_20241003_198_2_1_1.fits,ZTF24abjjpbo,SDSS-G,60587.038542,2.745604,1.736066,30.0,2024-10-04T00:55:29.988
h_e_20241003_203_1_1_1.fits,ZTF24abjjpbo,SDSS-G,60587.074782,1.953685,1.522544,30.0,2024-10-04T01:47:41.175
h_e_20241003_203_2_1_1.fits,ZTF24abjjpbo,SDSS-G,60587.075345,2.111722,1.520341,30.0,2024-10-04T01:48:29.841
h_e_20241004_117_1_1_1.fits,ZTF24abjjpbo,SDSS-G,60588.020858,1.466701,1.880996,30.0,2024-10-05T00:30:02.095
h_e_20241004_156_1_1_1.fits,ZTF24abjjpbo,SDSS-G,60588.072956,1.551526,1.51908,30.0,2024-10-05T01:45:03.366
h_e_20241004_156_2_1_1.fits,ZTF24abjjpbo,SDSS-G,60588.073519,1.496029,1.516926,30.0,2024-10-05T01:45:52.001
h_e_20241005_135_1_1_1.fits,ZTF24abjjpbo,SDSS-G,60589.080584,1.364378,1.484395,30.0,2024-10-06T01:56:02.494
h_e_20241005_135_2_1_1.fits,ZTF24abjjpbo,SDSS-G,60589.081147,1.225705,1.482784,30.0,2024-10-06T01:56:51.093
h_e_20241006_87_1_1_1.fits,ZTF24abjjpbo,SDSS-G,60590.001864,2.551894,2.055924,30.0,2024-10-07T00:02:41.025
h_e_20241006_112_1_1_1.fits,ZTF24abjjpbo,SDSS-G,60590.065901,1.451029,1.525235,30.0,2024-10-07T01:34:53.871
h_e_20241006_112_2_1_1.fits,ZTF24abjjpbo,SDSS-G,60590.066465,1.462037,1.523041,30.0,2024-10-07T01:35:42.537
h_e_20241007_78_1_1_1.fits,ZTF24abjjpbo,SDSS-G,60591.068243,1.494976,1.506383,30.0,2024-10-08T01:38:16.202
h_e_20241007_78_2_1_1.fits,ZTF24abjjpbo,SDSS-G,60591.068806,1.644154,1.504447,30.0,2024-10-08T01:39:04.856
h_e_20241008_53_1_1_1.fits,ZTF24abjjpbo,SDSS-G,60592.076296,3.06532,1.47368,30.0,2024-10-09T01:49:51.969
h_e_20241008_53_2_1_1.fits,ZTF24abjjpbo,SDSS-G,60592.076859,2.659184,1.472245,30.0,2024-10-09T01:50:40.624
h_e_20241009_73_1_1_1.fits,ZTF24abjjpbo,SDSS-G,60593.066082,1.20185,1.495328,30.0,2024-10-10T01:35:09.451
h_e_20241009_73_2_1_1.fits,ZTF24abjjpbo,SDSS-G,60593.066645,1.243441,1.493551,30.0,2024-10-10T01:35:58.120
h_e_20241010_76_1_1_1.fits,ZTF24abjjpbo,SDSS-G,60594.094386,1.020094,1.433463,30.0,2024-10-11T02:15:54.909
h_e_20241010_76_2_1_1.fits,ZTF24abjjpbo,SDSS-G,60594.094949,0.9388036,1.43298,30.0,2024-10-11T02:16:43.598
h_e_20241011_78_1_1_1.fits,ZTF24abjjpbo,SDSS-G,60595.053909,1.919783,1.518832,30.0,2024-10-12T01:17:37.765
h_e_20241011_78_2_1_1.fits,ZTF24abjjpbo,SDSS-G,60595.054472,1.715394,1.51668,30.0,2024-10-12T01:18:26.371
h_e_20241012_4_1_1_1.fits,ZTF24abjjpbo,SDSS-G,60596.073176,2.918815,1.455826,30.0,2024-10-13T01:45:22.380
h_e_20241012_4_2_1_1.fits,ZTF24abjjpbo,SDSS-G,60596.073739,2.82276,1.454725,30.0,2024-10-13T01:46:11.054
h_e_20241013_136_1_1_1.fits,ZTF24abjjpbo,SDSS-G,60597.087035,1.870319,1.432762,30.0,2024-10-14T02:05:19.816
h_e_20241013_136_2_1_1.fits,ZTF24abjjpbo,SDSS-G,60597.087598,1.660403,1.432312,30.0,2024-10-14T02:06:08.503
h_e_20241016_26_1_1_1.fits,ZTF24abjjpbo,SDSS-G,60600.043106,1.97893,1.50837,60.0,2024-10-17T01:02:04.400
h_e_20241016_26_2_1_1.fits,ZTF24abjjpbo,SDSS-G,60600.044018,1.847526,1.505192,60.0,2024-10-17T01:03:23.133
h_e_20241017_40_1_1_1.fits,ZTF24abjjpbo,SDSS-G,60601.048508,2.048561,1.482435,90.0,2024-10-18T01:09:51.067
h_e_20241017_40_2_1_1.fits,ZTF24abjjpbo,SDSS-G,60601.049767,1.71486,1.478917,90.0,2024-10-18T01:11:39.849
h_e_20241018_35_1_1_1.fits,ZTF24abjjpbo,SDSS-G,60602.036883,1.542988,1.511088,90.0,2024-10-19T00:53:06.654
h_e_20241018_35_2_1_1.fits,ZTF24abjjpbo,SDSS-G,60602.038142,1.645051,1.506623,90.0,2024-10-19T00:54:55.476
h_e_20241018_35_3_1_1.fits,ZTF24abjjpbo,SDSS-G,60602.039401,1.689041,1.502296,90.0,2024-10-19T00:56:44.267
h_e_20241019_63_1_1_1.fits,ZTF24abjjpbo,SDSS-G,60603.117397,7.192016,1.470232,90.0,2024-10-20T02:49:03.120
h_e_20241019_63_2_1_1.fits,ZTF24abjjpbo,SDSS-G,60603.118657,2.031725,1.473416,90.0,2024-10-20T02:50:51.926
h_e_20241019_63_3_1_1.fits,ZTF24abjjpbo,SDSS-G,60603.119916,1.875613,1.476725,90.0,2024-10-20T02:52:40.729
h_e_20241021_42_1_1_1.fits,ZTF24abjjpbo,SDSS-G,60605.03709,2.299741,1.483856,90.0,2024-10-22T00:53:24.605
h_e_20241021_42_2_1_1.fits,ZTF24abjjpbo,SDSS-G,60605.038349,2.147139,1.480285,90.0,2024-10-22T00:55:13.375
h_e_20241021_42_3_1_1.fits,ZTF24abjjpbo,SDSS-G,60605.039608,2.081094,1.476847,90.0,2024-10-22T00:57:02.134
h_e_20241022_67_1_1_1.fits,ZTF24abjjpbo,SDSS-G,60606.027924,1.899084,1.50418,90.0,2024-10-23T00:40:12.646
h_e_20241022_67_2_1_1.fits,ZTF24abjjpbo,SDSS-G,60606.029183,1.995366,1.499931,90.0,2024-10-23T00:42:01.440
h_e_20241022_67_3_1_1.fits,ZTF24abjjpbo,SDSS-G,60606.030443,1.81479,1.495818,90.0,2024-10-23T00:43:50.301
h_e_20241023_74_1_1_1.fits,ZTF24abjjpbo,SDSS-G,60607.085342,2.136872,1.434421,90.0,2024-10-24T02:02:53.530
h_e_20241023_74_2_1_1.fits,ZTF24abjjpbo,SDSS-G,60607.086602,1.868496,1.435655,90.0,2024-10-24T02:04:42.410
h_e_20241023_74_3_1_1.fits,ZTF24abjjpbo,SDSS-G,60607.087862,1.799472,1.437013,90.0,2024-10-24T02:06:31.245
h_e_20241024_61_1_1_1.fits,ZTF24abjjpbo,SDSS-G,60608.018687,1.549259,1.517783,90.0,2024-10-25T00:26:54.560
h_e_20241024_61_2_1_1.fits,ZTF24abjjpbo,SDSS-G,60608.019946,1.551586,1.513112,90.0,2024-10-25T00:28:43.291
h_e_20241024_61_3_1_1.fits,ZTF24abjjpbo,SDSS-G,60608.021204,1.470838,1.508585,90.0,2024-10-25T00:30:32.048
h_e_20241028_21_1_1_1.fits,ZTF24abjjpbo,SDSS-G,60611.960416,2.562001,1.826855,60.0,2024-10-28T23:02:59.925
h_e_20241028_29_1_1_1.fits,ZTF24abjjpbo,SDSS-G,60612.062508,1.754504,1.423235,120.0,2024-10-29T01:30:00.716
h_e_20241028_30_1_1_1.fits,ZTF24abjjpbo,SDSS-G,60612.064342,1.515699,1.429354,120.0,2024-10-29T01:32:39.115
h_e_20241029_10_1_1_1.fits,ZTF24abjjpbo,SDSS-G,60613.087455,1.950147,1.463956,120.0,2024-10-30T02:05:56.102
h_e_20241029_11_1_1_1.fits,ZTF24abjjpbo,SDSS-G,60613.091495,1.770775,1.473745,120.0,2024-10-30T02:11:45.131
h_e_20241030_51_1_1_1.fits,ZTF24abjjpbo,SDSS-G,60614.009131,1.952739,1.49414,150.0,2024-10-31T00:13:08.895
h_e_20241030_52_1_1_1.fits,ZTF24abjjpbo,SDSS-G,60614.013516,1.834646,1.480996,150.0,2024-10-31T00:19:27.748
h_e_20241031_68_1_1_1.fits,ZTF24abjjpbo,SDSS-G,60615.000621,1.562098,1.513932,120.0,2024-11-01T00:00:53.637
h_e_20241031_68_2_1_1.fits,ZTF24abjjpbo,SDSS-G,60615.002229,1.82949,1.508139,120.0,2024-11-01T00:03:12.548
h_e_20241031_69_1_1_1.fits,ZTF24abjjpbo,SDSS-G,60615.004078,1.739868,1.501723,120.0,2024-11-01T00:05:52.311
h_e_20241031_69_2_1_1.fits,ZTF24abjjpbo,SDSS-G,60615.005685,1.593112,1.496417,120.0,2024-11-01T00:08:11.199
h_e_20241101_18_1_1_1.fits,ZTF24abjjpbo,SDSS-G,60615.970139,1.33294,1.65535,150.0,2024-11-01T23:17:00.014
h_e_20241101_18_2_1_1.fits,ZTF24abjjpbo,SDSS-G,60615.972094,1.475632,1.642465,150.0,2024-11-01T23:19:48.907
h_e_20241104_58_1_1_1.fits,ZTF24abjjpbo,SDSS-G,60618.994052,1.478592,1.49877,120.0,2024-11-04T23:51:26.072
h_e_20241104_58_2_1_1.fits,ZTF24abjjpbo,SDSS-G,60618.995658,1.221671,1.493587,120.0,2024-11-04T23:53:44.874
h_e_20241104_59_1_1_1.fits,ZTF24abjjpbo,SDSS-G,60618.997485,1.320841,1.487931,120.0,2024-11-04T23:56:22.686
h_e_20241104_59_2_1_1.fits,ZTF24abjjpbo,SDSS-G,60618.999091,1.583669,1.483211,120.0,2024-11-04T23:58:41.467
h_e_20241105_64_1_1_1.fits,ZTF24abjjpbo,SDSS-G,60619.953987,966.0,1.692376,150.0,2024-11-05T22:53:44.451
h_e_20241105_64_2_1_1.fits,ZTF24abjjpbo,SDSS-G,60619.955941,1.801205,1.678072,150.0,2024-11-05T22:56:33.277
h_e_20240926_70_1_1_1.fits,ZTF24abjjpbo,SDSS-I,60580.052164,1.226578,1.78435,60.0,2024-09-27T01:15:06.970
h_e_20240927_64_1_1_1.fits,ZTF24abjjpbo,SDSS-I,60581.044021,1.217937,1.837331,60.0,2024-09-28T01:03:23.391
h_e_20240928_94_1_1_1.fits,ZTF24abjjpbo,SDSS-I,60582.042914,1.067464,1.820832,60.0,2024-09-29T01:01:47.769
h_e_20240929_45_1_1_1.fits,ZTF24abjjpbo,SDSS-I,60583.04263,2.981113,1.796911,60.0,2024-09-30T01:01:23.272
h_e_20240930_112_1_1_1.fits,ZTF24abjjpbo,SDSS-I,60584.036086,1.412166,1.834674,60.0,2024-10-01T00:51:57.795
h_e_20241001_63_1_1_1.fits,ZTF24abjjpbo,SDSS-I,60585.046497,2.144963,1.715814,30.0,2024-10-02T01:06:57.305
h_e_20241001_63_2_1_1.fits,ZTF24abjjpbo,SDSS-I,60585.047059,2.696979,1.71132,30.0,2024-10-02T01:07:45.923
h_e_20241003_180_1_1_1.fits,ZTF24abjjpbo,SDSS-I,60587.011212,2.63694,2.039028,30.0,2024-10-04T00:16:08.725
h_e_20241003_206_1_1_1.fits,ZTF24abjjpbo,SDSS-I,60587.077818,3.111097,1.511156,30.0,2024-10-04T01:52:03.474
h_e_20241003_206_2_1_1.fits,ZTF24abjjpbo,SDSS-I,60587.078381,2.962526,1.509152,30.0,2024-10-04T01:52:52.117
h_e_20241004_119_1_1_1.fits,ZTF24abjjpbo,SDSS-I,60588.022133,1.413367,1.866823,30.0,2024-10-05T00:31:52.314
h_e_20241004_159_1_1_1.fits,ZTF24abjjpbo,SDSS-I,60588.076004,1.219217,1.5079,30.0,2024-10-05T01:49:26.781
h_e_20241004_159_2_1_1.fits,ZTF24abjjpbo,SDSS-I,60588.076567,1.310483,1.505901,30.0,2024-10-05T01:50:15.410
h_e_20241005_138_1_1_1.fits,ZTF24abjjpbo,SDSS-I,60589.083654,1.017933,1.475851,30.0,2024-10-06T02:00:27.738
h_e_20241005_138_2_1_1.fits,ZTF24abjjpbo,SDSS-I,60589.084217,1.079617,1.47438,30.0,2024-10-06T02:01:16.359
h_e_20241006_89_1_1_1.fits,ZTF24abjjpbo,SDSS-I,60590.003137,1.706816,2.037337,30.0,2024-10-07T00:04:31.047
h_e_20241006_115_1_1_1.fits,ZTF24abjjpbo,SDSS-I,60590.068939,1.214419,1.513657,30.0,2024-10-07T01:39:16.335
h_e_20241006_115_2_1_1.fits,ZTF24abjjpbo,SDSS-I,60590.069502,1.288345,1.511619,30.0,2024-10-07T01:40:04.960
h_e_20241007_81_1_1_1.fits,ZTF24abjjpbo,SDSS-I,60591.071282,1.53075,1.49618,30.0,2024-10-08T01:42:38.745
h_e_20241007_81_2_1_1.fits,ZTF24abjjpbo,SDSS-I,60591.071845,1.16232,1.49439,30.0,2024-10-08T01:43:27.435
h_e_20241008_56_1_1_1.fits,ZTF24abjjpbo,SDSS-I,60592.079332,3.670487,1.466172,30.0,2024-10-09T01:54:14.283
h_e_20241008_56_2_1_1.fits,ZTF24abjjpbo,SDSS-I,60592.079895,3.400087,1.46487,30.0,2024-10-09T01:55:02.954
h_e_20241009_76_1_1_1.fits,ZTF24abjjpbo,SDSS-I,60593.069117,0.8507209,1.486015,30.0,2024-10-10T01:39:31.716
h_e_20241009_76_2_1_1.fits,ZTF24abjjpbo,SDSS-I,60593.06968,0.9314967,1.484345,30.0,2024-10-10T01:40:20.368
h_e_20241010_79_1_1_1.fits,ZTF24abjjpbo,SDSS-I,60594.097426,1.093214,1.43115,30.0,2024-10-11T02:20:17.602
h_e_20241010_79_2_1_1.fits,ZTF24abjjpbo,SDSS-I,60594.097989,0.8575725,1.430788,30.0,2024-10-11T02:21:06.249
h_e_20241011_81_1_1_1.fits,ZTF24abjjpbo,SDSS-I,60595.056949,1.500328,1.507709,30.0,2024-10-12T01:22:00.378
h_e_20241011_81_2_1_1.fits,ZTF24abjjpbo,SDSS-I,60595.057512,1.535566,1.505716,30.0,2024-10-12T01:22:48.996
h_e_20241012_7_1_1_1.fits,ZTF24abjjpbo,SDSS-I,60596.076212,1.876793,1.450141,30.0,2024-10-13T01:49:44.719
h_e_20241012_7_2_1_1.fits,ZTF24abjjpbo,SDSS-I,60596.076775,1.826377,1.449145,30.0,2024-10-13T01:50:33.345
h_e_20241013_139_1_1_1.fits,ZTF24abjjpbo,SDSS-I,60597.090074,1.465654,1.430625,30.0,2024-10-14T02:09:42.400
h_e_20241013_139_2_1_1.fits,ZTF24abjjpbo,SDSS-I,60597.090637,1.501567,1.430295,30.0,2024-10-14T02:10:31.006
h_e_20241016_29_1_1_1.fits,ZTF24abjjpbo,SDSS-I,60600.047881,1.284109,1.492465,60.0,2024-10-17T01:08:56.886
h_e_20241016_29_2_1_1.fits,ZTF24abjjpbo,SDSS-I,60600.048792,1.31867,1.48966,60.0,2024-10-17T01:10:15.599
h_e_20241017_42_1_1_1.fits,ZTF24abjjpbo,SDSS-I,60601.053727,1.925362,1.468668,90.0,2024-10-18T01:17:21.995
h_e_20241017_42_2_1_1.fits,ZTF24abjjpbo,SDSS-I,60601.054986,1.43462,1.465643,90.0,2024-10-18T01:19:10.823
h_e_20241017_42_3_1_1.fits,ZTF24abjjpbo,SDSS-I,60601.05628,1.599,1.46269,90.0,2024-10-18T01:21:02.566
h_e_20241018_37_1_1_1.fits,ZTF24abjjpbo,SDSS-I,60602.044634,1.20901,1.485729,90.0,2024-10-19T01:04:16.370
h_e_20241018_37_2_1_1.fits,ZTF24abjjpbo,SDSS-I,60602.045893,1.399868,1.482094,90.0,2024-10-19T01:06:05.162
h_e_20241018_37_3_1_1.fits,ZTF24abjjpbo,SDSS-I,60602.047152,1.331184,1.478588,90.0,2024-10-19T01:07:53.957
h_e_20241018_63_1_1_1.fits,ZTF24abjjpbo,SDSS-I,60602.181948,1.604619,1.818606,60.0,2024-10-19T04:22:00.307
h_e_20241018_63_2_1_1.fits,ZTF24abjjpbo,SDSS-I,60602.182894,1.502442,1.828087,60.0,2024-10-19T04:23:22.051
h_e_20241018_63_3_1_1.fits,ZTF24abjjpbo,SDSS-I,60602.183806,1.67454,1.837507,60.0,2024-10-19T04:24:40.813
h_e_20241018_63_4_1_1.fits,ZTF24abjjpbo,SDSS-I,60602.184717,2.007235,1.846974,60.0,2024-10-19T04:25:59.506
h_e_20241018_63_5_1_1.fits,ZTF24abjjpbo,SDSS-I,60602.185628,1.780704,1.856625,60.0,2024-10-19T04:27:18.251
h_e_20241018_63_6_1_1.fits,ZTF24abjjpbo,SDSS-I,60602.186539,1.798554,1.866453,60.0,2024-10-19T04:28:36.976
h_e_20241018_63_7_1_1.fits,ZTF24abjjpbo,SDSS-I,60602.18745,1.923281,1.876586,60.0,2024-10-19T04:29:55.704
h_e_20241018_63_8_1_1.fits,ZTF24abjjpbo,SDSS-I,60602.188361,1.750081,1.886787,60.0,2024-10-19T04:31:14.417
h_e_20241018_63_9_1_1.fits,ZTF24abjjpbo,SDSS-I,60602.189272,1.781441,1.897157,60.0,2024-10-19T04:32:33.135
h_e_20241018_63_10_1_1.fits,ZTF24abjjpbo,SDSS-I,60602.190184,1.743477,1.907743,60.0,2024-10-19T04:33:51.866
h_e_20241019_65_1_1_1.fits,ZTF24abjjpbo,SDSS-I,60603.125147,1.601452,1.491893,90.0,2024-10-20T03:00:12.671
h_e_20241019_65_2_1_1.fits,ZTF24abjjpbo,SDSS-I,60603.126406,2.088681,1.495873,90.0,2024-10-20T03:02:01.478
h_e_20241019_65_3_1_1.fits,ZTF24abjjpbo,SDSS-I,60603.127665,1.577836,1.499988,90.0,2024-10-20T03:03:50.272
h_e_20241021_44_1_1_1.fits,ZTF24abjjpbo,SDSS-I,60605.044843,1.72215,1.463862,90.0,2024-10-22T01:04:34.404
h_e_20241021_44_2_1_1.fits,ZTF24abjjpbo,SDSS-I,60605.046102,1.543547,1.461061,90.0,2024-10-22T01:06:23.196
h_e_20241021_44_3_1_1.fits,ZTF24abjjpbo,SDSS-I,60605.047361,1.617977,1.45838,90.0,2024-10-22T01:08:12.006
h_e_20241022_69_1_1_1.fits,ZTF24abjjpbo,SDSS-I,60606.035685,2.025283,1.480113,90.0,2024-10-23T00:51:23.187
h_e_20241022_69_2_1_1.fits,ZTF24abjjpbo,SDSS-I,60606.036944,1.840382,1.47668,90.0,2024-10-23T00:53:11.974
h_e_20241022_69_3_1_1.fits,ZTF24abjjpbo,SDSS-I,60606.038204,2.301546,1.473342,90.0,2024-10-23T00:55:00.793
h_e_20241023_76_1_1_1.fits,ZTF24abjjpbo,SDSS-I,60607.093101,1.519639,1.443814,90.0,2024-10-24T02:14:03.936
h_e_20241023_76_2_1_1.fits,ZTF24abjjpbo,SDSS-I,60607.09436,1.444211,1.445737,90.0,2024-10-24T02:15:52.691
h_e_20241023_76_3_1_1.fits,ZTF24abjjpbo,SDSS-I,60607.095619,1.427319,1.447774,90.0,2024-10-24T02:17:41.510
h_e_20241024_63_1_1_1.fits,ZTF24abjjpbo,SDSS-I,60608.026443,1.250337,1.491207,90.0,2024-10-25T00:38:04.687
h_e_20241024_63_2_1_1.fits,ZTF24abjjpbo,SDSS-I,60608.027702,1.251671,1.487382,90.0,2024-10-25T00:39:53.493
h_e_20241024_63_3_1_1.fits,ZTF24abjjpbo,SDSS-I,60608.028962,1.176796,1.483688,90.0,2024-10-25T00:41:42.311
h_e_20241028_33_1_1_1.fits,ZTF24abjjpbo,SDSS-I,60612.069537,1.664842,1.432606,120.0,2024-10-29T01:40:07.969
h_e_20241028_33_2_1_1.fits,ZTF24abjjpbo,SDSS-I,60612.071144,1.447412,1.433964,120.0,2024-10-29T01:42:26.828
h_e_20241028_34_1_1_1.fits,ZTF24abjjpbo,SDSS-I,60612.072971,1.446827,1.435646,120.0,2024-10-29T01:45:04.727
h_e_20241028_34_2_1_1.fits,ZTF24abjjpbo,SDSS-I,60612.07458,1.270861,1.437386,120.0,2024-10-29T01:47:23.707
h_e_20241029_14_1_1_1.fits,ZTF24abjjpbo,SDSS-I,60613.09677,1.142917,1.488639,120.0,2024-10-30T02:19:20.961
h_e_20241029_14_2_1_1.fits,ZTF24abjjpbo,SDSS-I,60613.098378,1.122116,1.493603,120.0,2024-10-30T02:21:39.831
h_e_20241029_15_1_1_1.fits,ZTF24abjjpbo,SDSS-I,60613.102429,1.795228,1.506992,120.0,2024-10-30T02:27:29.831
h_e_20241029_15_2_1_1.fits,ZTF24abjjpbo,SDSS-I,60613.104036,1.554094,1.512782,120.0,2024-10-30T02:29:48.737
h_e_20241030_55_1_1_1.fits,ZTF24abjjpbo,SDSS-I,60614.022307,1.812699,1.459427,120.0,2024-10-31T00:32:07.363
h_e_20241030_55_2_1_1.fits,ZTF24abjjpbo,SDSS-I,60614.023915,1.751713,1.456118,120.0,2024-10-31T00:34:26.250
h_e_20241030_56_1_1_1.fits,ZTF24abjjpbo,SDSS-I,60614.027975,2.002122,1.448548,120.0,2024-10-31T00:40:17.060
h_e_20241030_56_2_1_1.fits,ZTF24abjjpbo,SDSS-I,60614.029583,1.823206,1.44591,120.0,2024-10-31T00:42:35.953
h_e_20241031_73_1_1_1.fits,ZTF24abjjpbo,SDSS-I,60615.023421,1.457638,1.45183,120.0,2024-11-01T00:33:43.592
h_e_20241031_73_2_1_1.fits,ZTF24abjjpbo,SDSS-I,60615.025028,1.541575,1.448979,120.0,2024-11-01T00:36:02.419
h_e_20241031_74_1_1_1.fits,ZTF24abjjpbo,SDSS-I,60615.029086,1.7819,1.442545,120.0,2024-11-01T00:41:52.992
h_e_20241031_74_2_1_1.fits,ZTF24abjjpbo,SDSS-I,60615.030693,1.361972,1.440351,120.0,2024-11-01T00:44:11.850
h_e_20241104_63_1_1_1.fits,ZTF24abjjpbo,SDSS-I,60619.016808,1.240023,1.444617,120.0,2024-11-05T00:24:12.219
h_e_20241104_63_2_1_1.fits,ZTF24abjjpbo,SDSS-I,60619.018415,1.679656,1.442267,120.0,2024-11-05T00:26:31.067
h_e_20241104_64_1_1_1.fits,ZTF24abjjpbo,SDSS-I,60619.020382,1.044515,1.439577,120.0,2024-11-05T00:29:21.001
h_e_20241104_64_2_1_1.fits,ZTF24abjjpbo,SDSS-I,60619.021989,1.014981,1.437634,120.0,2024-11-05T00:31:39.825
h_e_20240926_69_1_1_1.fits,ZTF24abjjpbo,SDSS-R,60580.05119,1.191508,1.793401,60.0,2024-09-27T01:13:42.801
h_e_20240927_63_1_1_1.fits,ZTF24abjjpbo,SDSS-R,60581.043049,1.385684,1.847536,60.0,2024-09-28T01:01:59.406
h_e_20240928_93_1_1_1.fits,ZTF24abjjpbo,SDSS-R,60582.041943,1.276914,1.830593,60.0,2024-09-29T01:00:23.833
h_e_20240929_44_1_1_1.fits,ZTF24abjjpbo,SDSS-R,60583.041659,1.743193,1.806319,60.0,2024-09-30T00:59:59.323
h_e_20240930_111_1_1_1.fits,ZTF24abjjpbo,SDSS-R,60584.035112,1.53211,1.844828,60.0,2024-10-01T00:50:33.697
h_e_20241001_62_1_1_1.fits,ZTF24abjjpbo,SDSS-R,60585.045262,1.724214,1.72571,30.0,2024-10-02T01:05:10.653
h_e_20241001_62_2_1_1.fits,ZTF24abjjpbo,SDSS-R,60585.045825,2.053557,1.721106,30.0,2024-10-02T01:05:59.275
h_e_20241003_179_1_1_1.fits,ZTF24abjjpbo,SDSS-R,60587.010587,3.02419,2.048025,30.0,2024-10-04T00:15:14.713
h_e_20241003_205_1_1_1.fits,ZTF24abjjpbo,SDSS-R,60587.076619,2.682613,1.515549,30.0,2024-10-04T01:50:19.855
h_e_20241003_205_2_1_1.fits,ZTF24abjjpbo,SDSS-R,60587.077182,2.923358,1.513486,30.0,2024-10-04T01:51:08.489
h_e_20241004_118_1_1_1.fits,ZTF24abjjpbo,SDSS-R,60588.021508,1.291469,1.873735,30.0,2024-10-05T00:30:58.268
h_e_20241004_158_1_1_1.fits,ZTF24abjjpbo,SDSS-R,60588.074806,1.316805,1.512195,30.0,2024-10-05T01:47:43.212
h_e_20241004_158_2_1_1.fits,ZTF24abjjpbo,SDSS-R,60588.075369,1.455182,1.510136,30.0,2024-10-05T01:48:31.886
h_e_20241005_134_1_1_1.fits,ZTF24abjjpbo,SDSS-R,60589.041847,1.6625,1.669114,45.0,2024-10-06T01:00:15.581
h_e_20241005_134_2_1_1.fits,ZTF24abjjpbo,SDSS-R,60589.042584,1.683779,1.663942,45.0,2024-10-06T01:01:19.238
h_e_20241005_134_3_1_1.fits,ZTF24abjjpbo,SDSS-R,60589.043321,1.061943,1.658924,45.0,2024-10-06T01:02:22.904
h_e_20241005_134_4_1_1.fits,ZTF24abjjpbo,SDSS-R,60589.044058,1.089104,1.653981,45.0,2024-10-06T01:03:26.586
h_e_20241005_134_5_1_1.fits,ZTF24abjjpbo,SDSS-R,60589.044795,1.216967,1.649033,45.0,2024-10-06T01:04:30.319
h_e_20241005_134_6_1_1.fits,ZTF24abjjpbo,SDSS-R,60589.045532,1.199475,1.644234,45.0,2024-10-06T01:05:34.006
h_e_20241005_134_7_1_1.fits,ZTF24abjjpbo,SDSS-R,60589.04627,1.159313,1.639505,45.0,2024-10-06T01:06:37.701
h_e_20241005_134_8_1_1.fits,ZTF24abjjpbo,SDSS-R,60589.047007,1.576638,1.634773,45.0,2024-10-06T01:07:41.394
h_e_20241005_134_9_1_1.fits,ZTF24abjjpbo,SDSS-R,60589.047744,1.108076,1.630183,45.0,2024-10-06T01:08:45.109
h_e_20241005_134_10_1_1.fits,ZTF24abjjpbo,SDSS-R,60589.048481,0.9771104,1.625662,45.0,2024-10-06T01:09:48.789
h_e_20241005_137_1_1_1.fits,ZTF24abjjpbo,SDSS-R,60589.082422,1.155637,1.47919,30.0,2024-10-06T01:58:41.247
h_e_20241005_137_2_1_1.fits,ZTF24abjjpbo,SDSS-R,60589.083019,1.108088,1.477568,30.0,2024-10-06T01:59:32.876
h_e_20241005_163_1_1_1.fits,ZTF24abjjpbo,SDSS-R,60589.129999,1.125064,1.430894,45.0,2024-10-06T03:07:11.874
h_e_20241005_163_2_1_1.fits,ZTF24abjjpbo,SDSS-R,60589.130738,1.161339,1.431375,45.0,2024-10-06T03:08:15.784
h_e_20241005_163_3_1_1.fits,ZTF24abjjpbo,SDSS-R,60589.131475,1.057238,1.4319,45.0,2024-10-06T03:09:19.463
h_e_20241005_163_4_1_1.fits,ZTF24abjjpbo,SDSS-R,60589.132213,1.055773,1.432454,45.0,2024-10-06T03:10:23.165
h_e_20241005_163_5_1_1.fits,ZTF24abjjpbo,SDSS-R,60589.13295,1.203016,1.433046,45.0,2024-10-06T03:11:26.848
h_e_20241005_163_6_1_1.fits,ZTF24abjjpbo,SDSS-R,60589.133687,1.017872,1.433685,45.0,2024-10-06T03:12:30.531
h_e_20241005_163_7_1_1.fits,ZTF24abjjpbo,SDSS-R,60589.134423,1.047428,1.434351,45.0,2024-10-06T03:13:34.183
h_e_20241005_163_8_1_1.fits,ZTF24abjjpbo,SDSS-R,60589.135161,1.255272,1.435055,45.0,2024-10-06T03:14:37.904
h_e_20241005_163_9_1_1.fits,ZTF24abjjpbo,SDSS-R,60589.135898,1.122363,1.435796,45.0,2024-10-06T03:15:41.584
h_e_20241005_163_10_1_1.fits,ZTF24abjjpbo,SDSS-R,60589.136636,1.131029,1.436587,45.0,2024-10-06T03:16:45.312
h_e_20241006_88_1_1_1.fits,ZTF24abjjpbo,SDSS-R,60590.002512,1.971888,2.046312,30.0,2024-10-07T00:03:37.076
h_e_20241006_114_1_1_1.fits,ZTF24abjjpbo,SDSS-R,60590.067742,1.290461,1.518125,30.0,2024-10-07T01:37:32.932
h_e_20241006_114_2_1_1.fits,ZTF24abjjpbo,SDSS-R,60590.068305,1.194723,1.516026,30.0,2024-10-07T01:38:21.557
h_e_20241006_195_1_1_1.fits,ZTF24abjjpbo,SDSS-R,60590.216896,1.375117,1.840894,45.0,2024-10-07T05:12:19.834
h_e_20241006_195_2_1_1.fits,ZTF24abjjpbo,SDSS-R,60590.217633,1.637534,1.848583,45.0,2024-10-07T05:13:23.521
h_e_20241006_195_3_1_1.fits,ZTF24abjjpbo,SDSS-R,60590.21837,1.253886,1.856386,45.0,2024-10-07T05:14:27.170
h_e_20241006_195_4_1_1.fits,ZTF24abjjpbo,SDSS-R,60590.219107,1.011493,1.864303,45.0,2024-10-07T05:15:30.841
h_e_20241006_195_5_1_1.fits,ZTF24abjjpbo,SDSS-R,60590.219844,1.499725,1.872467,45.0,2024-10-07T05:16:34.531
h_e_20241006_195_6_1_1.fits,ZTF24abjjpbo,SDSS-R,60590.220581,1.27871,1.880625,45.0,2024-10-07T05:17:38.240
h_e_20241006_195_7_1_1.fits,ZTF24abjjpbo,SDSS-R,60590.221319,1.16166,1.888905,45.0,2024-10-07T05:18:41.937
h_e_20241006_195_8_1_1.fits,ZTF24abjjpbo,SDSS-R,60590.222055,1.530251,1.897442,45.0,2024-10-07T05:19:45.572
h_e_20241006_195_9_1_1.fits,ZTF24abjjpbo,SDSS-R,60590.222792,1.423073,1.905975,45.0,2024-10-07T05:20:49.216
h_e_20241006_195_10_1_1.fits,ZTF24abjjpbo,SDSS-R,60590.223529,1.243714,1.914634,45.0,2024-10-07T05:21:52.879
h_e_20241007_80_1_1_1.fits,ZTF24abjjpbo,SDSS-R,60591.07008,1.685799,1.500111,30.0,2024-10-08T01:40:54.914
h_e_20241007_80_2_1_1.fits,ZTF24abjjpbo,SDSS-R,60591.070643,1.336856,1.498264,30.0,2024-10-08T01:41:43.544
h_e_20241008_55_1_1_1.fits,ZTF24abjjpbo,SDSS-R,60592.078133,2.645407,1.469049,30.0,2024-10-09T01:52:30.680
h_e_20241008_55_2_1_1.fits,ZTF24abjjpbo,SDSS-R,60592.078696,3.522873,1.467694,30.0,2024-10-09T01:53:19.342
h_e_20241009_75_1_1_1.fits,ZTF24abjjpbo,SDSS-R,60593.067916,1.109864,1.489613,30.0,2024-10-10T01:37:47.950
h_e_20241009_75_2_1_1.fits,ZTF24abjjpbo,SDSS-R,60593.068479,1.102377,1.487887,30.0,2024-10-10T01:38:36.612
h_e_20241010_78_1_1_1.fits,ZTF24abjjpbo,SDSS-R,60594.096223,0.8409573,1.431987,30.0,2024-10-11T02:18:33.646
h_e_20241010_78_2_1_1.fits,ZTF24abjjpbo,SDSS-R,60594.096786,0.9389808,1.431585,30.0,2024-10-11T02:19:22.335
h_e_20241011_80_1_1_1.fits,ZTF24abjjpbo,SDSS-R,60595.055751,1.690679,1.511958,30.0,2024-10-12T01:20:16.847
h_e_20241011_80_2_1_1.fits,ZTF24abjjpbo,SDSS-R,60595.056314,1.780608,1.509944,30.0,2024-10-12T01:21:05.547
h_e_20241012_6_1_1_1.fits,ZTF24abjjpbo,SDSS-R,60596.075013,2.235188,1.452312,30.0,2024-10-13T01:48:01.147
h_e_20241012_6_2_1_1.fits,ZTF24abjjpbo,SDSS-R,60596.075576,2.177294,1.451265,30.0,2024-10-13T01:48:49.789
h_e_20241013_138_1_1_1.fits,ZTF24abjjpbo,SDSS-R,60597.088875,1.440636,1.431393,30.0,2024-10-14T02:07:58.780
h_e_20241013_138_2_1_1.fits,ZTF24abjjpbo,SDSS-R,60597.089437,1.648525,1.431015,30.0,2024-10-14T02:08:47.391
h_e_20241016_28_1_1_1.fits,ZTF24abjjpbo,SDSS-R,60600.045987,1.510908,1.498553,60.0,2024-10-17T01:06:13.270
h_e_20241016_28_2_1_1.fits,ZTF24abjjpbo,SDSS-R,60600.046898,1.512943,1.495564,60.0,2024-10-17T01:07:31.975
h_e_20241017_41_1_1_1.fits,ZTF24abjjpbo,SDSS-R,60601.051137,1.556622,1.475219,90.0,2024-10-18T01:13:38.210
h_e_20241017_41_2_1_1.fits,ZTF24abjjpbo,SDSS-R,60601.052396,1.520685,1.471966,90.0,2024-10-18T01:15:26.997
h_e_20241018_36_1_1_1.fits,ZTF24abjjpbo,SDSS-R,60602.040771,1.329906,1.497726,90.0,2024-10-19T00:58:42.586
h_e_20241018_36_2_1_1.fits,ZTF24abjjpbo,SDSS-R,60602.04203,1.329123,1.493685,90.0,2024-10-19T01:00:31.393
h_e_20241018_36_3_1_1.fits,ZTF24abjjpbo,SDSS-R,60602.04329,1.489585,1.489778,90.0,2024-10-19T01:02:20.224
h_e_20241019_64_1_1_1.fits,ZTF24abjjpbo,SDSS-R,60603.121285,1.618474,1.480485,90.0,2024-10-20T02:54:38.991
h_e_20241019_64_2_1_1.fits,ZTF24abjjpbo,SDSS-R,60603.122544,1.544824,1.484061,90.0,2024-10-20T02:56:27.771
h_e_20241019_64_3_1_1.fits,ZTF24abjjpbo,SDSS-R,60603.123803,1.451407,1.487767,90.0,2024-10-20T02:58:16.551
h_e_20241021_43_1_1_1.fits,ZTF24abjjpbo,SDSS-R,60605.040978,1.733259,1.473229,90.0,2024-10-22T00:59:00.490
h_e_20241021_43_2_1_1.fits,ZTF24abjjpbo,SDSS-R,60605.042237,1.759278,1.470055,90.0,2024-10-22T01:00:49.264
h_e_20241021_43_3_1_1.fits,ZTF24abjjpbo,SDSS-R,60605.043496,1.636601,1.467003,90.0,2024-10-22T01:02:38.024
h_e_20241022_68_1_1_1.fits,ZTF24abjjpbo,SDSS-R,60606.031818,1.678545,1.491479,90.0,2024-10-23T00:45:49.076
h_e_20241022_68_2_1_1.fits,ZTF24abjjpbo,SDSS-R,60606.033077,2.02954,1.487646,90.0,2024-10-23T00:47:37.873
h_e_20241022_68_3_1_1.fits,ZTF24abjjpbo,SDSS-R,60606.034337,2.586469,1.483946,90.0,2024-10-23T00:49:26.689
h_e_20241023_75_1_1_1.fits,ZTF24abjjpbo,SDSS-R,60607.089234,1.622177,1.438595,90.0,2024-10-24T02:08:29.859
h_e_20241023_75_2_1_1.fits,ZTF24abjjpbo,SDSS-R,60607.090494,1.807358,1.440186,90.0,2024-10-24T02:10:18.644
h_e_20241023_75_3_1_1.fits,ZTF24abjjpbo,SDSS-R,60607.091753,1.745147,1.441875,90.0,2024-10-24T02:12:07.456
h_e_20241024_62_1_1_1.fits,ZTF24abjjpbo,SDSS-R,60608.022577,1.291402,1.503798,90.0,2024-10-25T00:32:30.662
h_e_20241024_62_2_1_1.fits,ZTF24abjjpbo,SDSS-R,60608.023837,1.31303,1.49956,90.0,2024-10-25T00:34:19.478
h_e_20241024_62_3_1_1.fits,ZTF24abjjpbo,SDSS-R,60608.025096,1.30605,1.49546,90.0,2024-10-25T00:36:08.298
h_e_20241028_31_1_1_1.fits,ZTF24abjjpbo,SDSS-R,60612.066037,1.392749,1.430183,120.0,2024-10-29T01:35:05.632
h_e_20241028_32_1_1_1.fits,ZTF24abjjpbo,SDSS-R,60612.067865,1.471152,1.431378,120.0,2024-10-29T01:37:43.496
h_e_20241029_12_1_1_1.fits,ZTF24abjjpbo,SDSS-R,60613.09319,1.258982,1.478267,120.0,2024-10-30T02:14:11.644
h_e_20241029_13_1_1_1.fits,ZTF24abjjpbo,SDSS-R,60613.095101,1.198959,1.483723,120.0,2024-10-30T02:16:56.737
h_e_20241030_53_1_1_1.fits,ZTF24abjjpbo,SDSS-R,60614.015561,1.824558,1.475411,120.0,2024-10-31T00:22:24.450
h_e_20241030_53_2_1_1.fits,ZTF24abjjpbo,SDSS-R,60614.017168,1.825506,1.471267,120.0,2024-10-31T00:24:43.346
h_e_20241030_54_1_1_1.fits,ZTF24abjjpbo,SDSS-R,60614.019016,1.708864,1.466825,120.0,2024-10-31T00:27:23.016
h_e_20241030_54_2_1_1.fits,ZTF24abjjpbo,SDSS-R,60614.020624,1.793688,1.463114,120.0,2024-10-31T00:29:41.926
h_e_20241031_70_1_1_1.fits,ZTF24abjjpbo,SDSS-R,60615.007395,1.639625,1.491007,120.0,2024-11-01T00:10:38.928
h_e_20241031_70_2_1_1.fits,ZTF24abjjpbo,SDSS-R,60615.009002,1.727273,1.486153,120.0,2024-11-01T00:12:57.796
h_e_20241031_71_1_1_1.fits,ZTF24abjjpbo,SDSS-R,60615.013067,1.745438,1.474843,120.0,2024-11-01T00:18:49.016
h_e_20241031_71_2_1_1.fits,ZTF24abjjpbo,SDSS-R,60615.014675,1.62907,1.470729,120.0,2024-11-01T00:21:07.944
h_e_20241104_60_1_1_1.fits,ZTF24abjjpbo,SDSS-R,60619.000798,1.113462,1.478416,120.0,2024-11-05T00:01:08.923
h_e_20241104_60_2_1_1.fits,ZTF24abjjpbo,SDSS-R,60619.002404,1.327323,1.474129,120.0,2024-11-05T00:03:27.724
h_e_20241104_61_1_1_1.fits,ZTF24abjjpbo,SDSS-R,60619.006461,1.072775,1.464277,120.0,2024-11-05T00:09:18.193
h_e_20241104_61_2_1_1.fits,ZTF24abjjpbo,SDSS-R,60619.008067,1.084375,1.460701,120.0,2024-11-05T00:11:36.990
h_e_20240926_67_1_1_1.fits,ZTF24abjjpbo,SDSS-U,60580.048521,1.948661,1.819415,120.0,2024-09-27T01:09:52.211
h_e_20240927_61_1_1_1.fits,ZTF24abjjpbo,SDSS-U,60581.04038,1.814897,1.876399,120.0,2024-09-28T00:58:08.844
h_e_20240928_91_1_1_1.fits,ZTF24abjjpbo,SDSS-U,60582.039276,1.847408,1.858522,120.0,2024-09-29T00:56:33.485
h_e_20240929_42_1_1_1.fits,ZTF24abjjpbo,SDSS-U,60583.038989,2.429218,1.832921,120.0,2024-09-30T00:56:08.690
h_e_20240930_109_1_1_1.fits,ZTF24abjjpbo,SDSS-U,60584.032444,1.859981,1.873539,120.0,2024-10-01T00:46:43.174
h_e_20241001_60_1_1_1.fits,ZTF24abjjpbo,SDSS-U,60585.042144,2.512088,1.751836,60.0,2024-10-02T01:00:41.220
h_e_20241001_60_2_1_1.fits,ZTF24abjjpbo,SDSS-U,60585.043055,2.373535,1.743967,60.0,2024-10-02T01:01:59.951
h_e_20241003_209_1_1_1.fits,ZTF24abjjpbo,SDSS-U,60587.081664,2.886085,1.497937,140.0,2024-10-04T01:57:35.755
h_e_20241003_209_2_1_1.fits,ZTF24abjjpbo,SDSS-U,60587.083503,2.97828,1.492061,140.0,2024-10-04T02:00:14.664
h_e_20241004_162_1_1_1.fits,ZTF24abjjpbo,SDSS-U,60588.079841,1.776295,1.494988,140.0,2024-10-05T01:54:58.272
h_e_20241004_162_2_1_1.fits,ZTF24abjjpbo,SDSS-U,60588.08168,1.851113,1.489253,140.0,2024-10-05T01:57:37.192
h_e_20241005_141_1_1_1.fits,ZTF24abjjpbo,SDSS-U,60589.0875,1.501106,1.466229,140.0,2024-10-06T02:06:00.041
h_e_20241005_141_2_1_1.fits,ZTF24abjjpbo,SDSS-U,60589.08934,1.49676,1.462028,140.0,2024-10-06T02:08:38.960
h_e_20241006_118_1_1_1.fits,ZTF24abjjpbo,SDSS-U,60590.072788,1.678955,1.500207,140.0,2024-10-07T01:44:48.895
h_e_20241006_118_2_1_1.fits,ZTF24abjjpbo,SDSS-U,60590.074628,1.703177,1.494186,140.0,2024-10-07T01:47:27.845
h_e_20241007_84_1_1_1.fits,ZTF24abjjpbo,SDSS-U,60591.075131,2.183136,1.48437,140.0,2024-10-08T01:48:11.315
h_e_20241007_84_2_1_1.fits,ZTF24abjjpbo,SDSS-U,60591.076971,2.322689,1.479166,140.0,2024-10-08T01:50:50.320
h_e_20241008_59_1_1_1.fits,ZTF24abjjpbo,SDSS-U,60592.084105,3.200173,1.455814,140.0,2024-10-09T02:01:06.642
h_e_20241008_59_2_1_1.fits,ZTF24abjjpbo,SDSS-U,60592.085944,4.69956,1.452279,140.0,2024-10-09T02:03:45.594
h_e_20241009_79_1_1_1.fits,ZTF24abjjpbo,SDSS-U,60593.073886,1.49644,1.472858,140.0,2024-10-10T01:46:23.775
h_e_20241009_79_2_1_1.fits,ZTF24abjjpbo,SDSS-U,60593.075725,1.723536,1.468273,140.0,2024-10-10T01:49:02.663
h_e_20241010_82_1_1_1.fits,ZTF24abjjpbo,SDSS-U,60594.102193,1.414364,1.428794,140.0,2024-10-11T02:27:09.495
h_e_20241010_82_2_1_1.fits,ZTF24abjjpbo,SDSS-U,60594.104033,1.301438,1.4283,140.0,2024-10-11T02:29:48.426
h_e_20241011_84_1_1_1.fits,ZTF24abjjpbo,SDSS-U,60595.061719,1.934425,1.491881,140.0,2024-10-12T01:28:52.501
h_e_20241011_84_2_1_1.fits,ZTF24abjjpbo,SDSS-U,60595.063558,1.929361,1.486299,140.0,2024-10-12T01:31:31.435
h_e_20241012_10_1_1_1.fits,ZTF24abjjpbo,SDSS-U,60596.080989,2.677914,1.442519,140.0,2024-10-13T01:56:37.462
h_e_20241012_10_2_1_1.fits,ZTF24abjjpbo,SDSS-U,60596.082829,2.85462,1.440024,140.0,2024-10-13T01:59:16.433
h_e_20241013_142_1_1_1.fits,ZTF24abjjpbo,SDSS-U,60597.094843,1.187259,1.428542,140.0,2024-10-14T02:16:34.443
h_e_20241013_142_2_1_1.fits,ZTF24abjjpbo,SDSS-U,60597.096683,1.714564,1.428152,140.0,2024-10-14T02:19:13.371
h_e_20241017_39_1_1_1.fits,ZTF24abjjpbo,SDSS-U,60601.039989,1.372418,1.509763,140.0,2024-10-18T00:57:35.045
h_e_20241017_39_2_1_1.fits,ZTF24abjjpbo,SDSS-U,60601.041828,1.950359,1.503337,140.0,2024-10-18T01:00:13.956
h_e_20241017_39_3_1_1.fits,ZTF24abjjpbo,SDSS-U,60601.043668,1.720219,1.497206,140.0,2024-10-18T01:02:52.898
h_e_20241018_60_1_1_1.fits,ZTF24abjjpbo,SDSS-U,60602.162891,2.053821,1.660551,150.0,2024-10-19T03:54:33.816
h_e_20241018_60_2_1_1.fits,ZTF24abjjpbo,SDSS-U,60602.164846,1.839479,1.67416,150.0,2024-10-19T03:57:22.732
h_e_20241018_60_3_1_1.fits,ZTF24abjjpbo,SDSS-U,60602.166802,1.928024,1.688308,150.0,2024-10-19T04:00:11.650
h_e_20241018_60_4_1_1.fits,ZTF24abjjpbo,SDSS-U,60602.168757,1.893562,1.703019,150.0,2024-10-19T04:03:00.601
h_e_20241018_60_5_1_1.fits,ZTF24abjjpbo,SDSS-U,60602.170712,2.002124,1.718311,150.0,2024-10-19T04:05:49.531
h_e_20241024_67_1_1_1.fits,ZTF24abjjpbo,SDSS-U,60608.05252,1.652584,1.437082,150.0,2024-10-25T01:15:37.712
h_e_20241028_35_1_1_1.fits,ZTF24abjjpbo,SDSS-U,60612.076975,1.718755,1.440363,180.0,2024-10-29T01:50:50.622
h_e_20241031_72_1_1_1.fits,ZTF24abjjpbo,SDSS-U,60615.01637,1.992952,1.466625,180.0,2024-11-01T00:23:34.365
h_e_20241031_72_2_1_1.fits,ZTF24abjjpbo,SDSS-U,60615.018674,2.084776,1.461377,180.0,2024-11-01T00:26:53.406
h_e_20241031_72_3_1_1.fits,ZTF24abjjpbo,SDSS-U,60615.020978,1.999279,1.456532,180.0,2024-11-01T00:30:12.466
h_e_20241031_77_1_1_1.fits,ZTF24abjjpbo,SDSS-U,60615.051004,2.11413,1.428059,300.0,2024-11-01T01:13:26.734
h_e_20241031_78_1_1_1.fits,ZTF24abjjpbo,SDSS-U,60615.057143,1.966194,1.429786,300.0,2024-11-01T01:22:17.154
h_e_20241031_79_1_1_1.fits,ZTF24abjjpbo,SDSS-U,60615.063274,2.005915,1.434178,300.0,2024-11-01T01:31:06.913
h_e_20241104_62_1_1_1.fits,ZTF24abjjpbo,SDSS-U,60619.009761,1.308956,1.45713,180.0,2024-11-05T00:14:03.327
h_e_20241104_62_2_1_1.fits,ZTF24abjjpbo,SDSS-U,60619.012064,1.317914,1.452633,180.0,2024-11-05T00:17:22.298
h_e_20241104_62_3_1_1.fits,ZTF24abjjpbo,SDSS-U,60619.014366,1.76544,1.448549,180.0,2024-11-05T00:20:41.255
h_e_20241104_67_1_1_1.fits,ZTF24abjjpbo,SDSS-U,60619.040226,1.521275,1.428076,360.0,2024-11-05T00:57:55.495
h_e_20241104_68_1_1_1.fits,ZTF24abjjpbo,SDSS-U,60619.044956,1.524074,1.429208,360.0,2024-11-05T01:04:44.165
h_e_20241104_69_1_1_1.fits,ZTF24abjjpbo,SDSS-U,60619.051768,1.461238,1.433657,360.0,2024-11-05T01:14:32.796
h_e_20240926_71_1_1_1.fits,ZTF24abjjpbo,SDSS-Z,60580.053143,1.236872,1.775363,60.0,2024-09-27T01:16:31.542
h_e_20240927_65_1_1_1.fits,ZTF24abjjpbo,SDSS-Z,60581.044999,1.680692,1.827322,60.0,2024-09-28T01:04:47.940
h_e_20240928_95_1_1_1.fits,ZTF24abjjpbo,SDSS-Z,60582.043893,1.310215,1.811143,60.0,2024-09-29T01:03:12.373
h_e_20240929_46_1_1_1.fits,ZTF24abjjpbo,SDSS-Z,60583.04361,1.974581,1.787684,60.0,2024-09-30T01:02:47.894
h_e_20240930_113_1_1_1.fits,ZTF24abjjpbo,SDSS-Z,60584.037065,966.0,1.824718,60.0,2024-10-01T00:53:22.372
h_e_20241001_64_1_1_1.fits,ZTF24abjjpbo,SDSS-Z,60585.047701,2.100624,1.706336,60.0,2024-10-02T01:08:41.392
h_e_20241001_64_2_1_1.fits,ZTF24abjjpbo,SDSS-Z,60585.048613,1.929445,1.699376,60.0,2024-10-02T01:10:00.129
h_e_20241003_208_1_1_1.fits,ZTF24abjjpbo,SDSS-Z,60587.079713,1.846096,1.504465,60.0,2024-10-04T01:54:47.231
h_e_20241003_208_2_1_1.fits,ZTF24abjjpbo,SDSS-Z,60587.080624,2.317683,1.501376,60.0,2024-10-04T01:56:05.905
h_e_20241004_161_1_1_1.fits,ZTF24abjjpbo,SDSS-Z,60588.077893,1.316961,1.501363,60.0,2024-10-05T01:52:09.950
h_e_20241004_161_2_1_1.fits,ZTF24abjjpbo,SDSS-Z,60588.078804,1.237073,1.498344,60.0,2024-10-05T01:53:28.695
h_e_20241005_140_1_1_1.fits,ZTF24abjjpbo,SDSS-Z,60589.08555,1.039434,1.470953,60.0,2024-10-06T02:03:11.516
h_e_20241005_140_2_1_1.fits,ZTF24abjjpbo,SDSS-Z,60589.086461,1.269783,1.46871,60.0,2024-10-06T02:04:30.222
h_e_20241006_117_1_1_1.fits,ZTF24abjjpbo,SDSS-Z,60590.070836,1.272714,1.50685,60.0,2024-10-07T01:42:00.193
h_e_20241006_117_2_1_1.fits,ZTF24abjjpbo,SDSS-Z,60590.071747,1.184335,1.503707,60.0,2024-10-07T01:43:18.929
h_e_20241007_83_1_1_1.fits,ZTF24abjjpbo,SDSS-Z,60591.073176,1.556906,1.490208,60.0,2024-10-08T01:45:22.406
h_e_20241007_83_2_1_1.fits,ZTF24abjjpbo,SDSS-Z,60591.074087,1.524892,1.487459,60.0,2024-10-08T01:46:41.156
h_e_20241008_58_1_1_1.fits,ZTF24abjjpbo,SDSS-Z,60592.081227,3.074814,1.461847,60.0,2024-10-09T01:56:58.007
h_e_20241008_58_2_1_1.fits,ZTF24abjjpbo,SDSS-Z,60592.082138,2.17544,1.459874,60.0,2024-10-09T01:58:16.728
h_e_20241008_58_3_1_1.fits,ZTF24abjjpbo,SDSS-Z,60592.083049,2.001389,1.457964,60.0,2024-10-09T01:59:35.456
h_e_20241009_78_1_1_1.fits,ZTF24abjjpbo,SDSS-Z,60593.071009,0.9704853,1.480564,60.0,2024-10-10T01:42:15.216
h_e_20241009_78_2_1_1.fits,ZTF24abjjpbo,SDSS-Z,60593.071921,1.008017,1.478059,60.0,2024-10-10T01:43:33.957
h_e_20241009_78_3_1_1.fits,ZTF24abjjpbo,SDSS-Z,60593.072832,1.511764,1.475589,60.0,2024-10-10T01:44:52.668
h_e_20241010_81_1_1_1.fits,ZTF24abjjpbo,SDSS-Z,60594.099317,0.8508922,1.430028,60.0,2024-10-11T02:23:00.989
h_e_20241010_81_2_1_1.fits,ZTF24abjjpbo,SDSS-Z,60594.100229,0.9409309,1.429578,60.0,2024-10-11T02:24:19.799
h_e_20241010_81_3_1_1.fits,ZTF24abjjpbo,SDSS-Z,60594.10114,0.9914425,1.429183,60.0,2024-10-11T02:25:38.512
h_e_20241011_83_1_1_1.fits,ZTF24abjjpbo,SDSS-Z,60595.058842,1.499868,1.501182,60.0,2024-10-12T01:24:43.978
h_e_20241011_83_2_1_1.fits,ZTF24abjjpbo,SDSS-Z,60595.059754,1.8271,1.498169,60.0,2024-10-12T01:26:02.728
h_e_20241011_83_3_1_1.fits,ZTF24abjjpbo,SDSS-Z,60595.060665,1.520559,1.495189,60.0,2024-10-12T01:27:21.428
h_e_20241012_9_1_1_1.fits,ZTF24abjjpbo,SDSS-Z,60596.078113,2.378222,1.446901,60.0,2024-10-13T01:52:28.943
h_e_20241012_9_2_1_1.fits,ZTF24abjjpbo,SDSS-Z,60596.079024,2.110877,1.445453,60.0,2024-10-13T01:53:47.675
h_e_20241012_9_3_1_1.fits,ZTF24abjjpbo,SDSS-Z,60596.079936,2.023913,1.444067,60.0,2024-10-13T01:55:06.479
h_e_20241013_141_1_1_1.fits,ZTF24abjjpbo,SDSS-Z,60597.091966,1.365451,1.429611,60.0,2024-10-14T02:12:25.879
h_e_20241013_141_2_1_1.fits,ZTF24abjjpbo,SDSS-Z,60597.092877,1.343278,1.429213,60.0,2024-10-14T02:13:44.586
h_e_20241013_141_3_1_1.fits,ZTF24abjjpbo,SDSS-Z,60597.093788,1.448435,1.428871,60.0,2024-10-14T02:15:03.317
h_e_20241016_31_1_1_1.fits,ZTF24abjjpbo,SDSS-Z,60600.050816,1.250417,1.483649,90.0,2024-10-17T01:13:10.482
h_e_20241016_31_2_1_1.fits,ZTF24abjjpbo,SDSS-Z,60600.052075,1.24371,1.480088,90.0,2024-10-17T01:14:59.322
h_e_20241016_31_3_1_1.fits,ZTF24abjjpbo,SDSS-Z,60600.053335,1.359452,1.476623,90.0,2024-10-17T01:16:48.141
h_e_20241017_43_1_1_1.fits,ZTF24abjjpbo,SDSS-Z,60601.05763,1.350284,1.459741,90.0,2024-10-18T01:22:59.256
h_e_20241017_43_2_1_1.fits,ZTF24abjjpbo,SDSS-Z,60601.058889,1.300702,1.457119,90.0,2024-10-18T01:24:48.033
h_e_20241017_43_3_1_1.fits,ZTF24abjjpbo,SDSS-Z,60601.060149,1.464174,1.454615,90.0,2024-10-18T01:26:36.838
h_e_20241018_38_1_1_1.fits,ZTF24abjjpbo,SDSS-Z,60602.048501,1.198949,1.474965,90.0,2024-10-19T01:09:50.472
h_e_20241018_38_2_1_1.fits,ZTF24abjjpbo,SDSS-Z,60602.04976,1.177675,1.471722,90.0,2024-10-19T01:11:39.286
h_e_20241018_38_3_1_1.fits,ZTF24abjjpbo,SDSS-Z,60602.051019,1.605363,1.468603,90.0,2024-10-19T01:13:28.076
h_e_20241018_38_4_1_1.fits,ZTF24abjjpbo,SDSS-Z,60602.052279,1.318458,1.465608,90.0,2024-10-19T01:15:16.869
h_e_20241018_38_5_1_1.fits,ZTF24abjjpbo,SDSS-Z,60602.053538,1.229708,1.462734,90.0,2024-10-19T01:17:05.674
h_e_20241019_66_1_1_1.fits,ZTF24abjjpbo,SDSS-Z,60603.129018,2.405336,1.504559,90.0,2024-10-20T03:05:47.173
h_e_20241019_66_2_1_1.fits,ZTF24abjjpbo,SDSS-Z,60603.130277,1.699515,1.508959,90.0,2024-10-20T03:07:35.938
h_e_20241019_66_3_1_1.fits,ZTF24abjjpbo,SDSS-Z,60603.131536,1.597916,1.513542,90.0,2024-10-20T03:09:24.708
h_e_20241019_66_4_1_1.fits,ZTF24abjjpbo,SDSS-Z,60603.132795,1.965516,1.518227,90.0,2024-10-20T03:11:13.460
h_e_20241019_66_5_1_1.fits,ZTF24abjjpbo,SDSS-Z,60603.134054,1.991653,1.523055,90.0,2024-10-20T03:13:02.249
h_e_20241021_45_1_1_1.fits,ZTF24abjjpbo,SDSS-Z,60605.048714,1.642761,1.455634,90.0,2024-10-22T01:10:08.888
h_e_20241021_45_2_1_1.fits,ZTF24abjjpbo,SDSS-Z,60605.049973,1.800031,1.453203,90.0,2024-10-22T01:11:57.646
h_e_20241021_45_3_1_1.fits,ZTF24abjjpbo,SDSS-Z,60605.051231,1.390473,1.450859,90.0,2024-10-22T01:13:46.391
h_e_20241021_45_4_1_1.fits,ZTF24abjjpbo,SDSS-Z,60605.052491,1.565342,1.448662,90.0,2024-10-22T01:15:35.206
h_e_20241021_45_5_1_1.fits,ZTF24abjjpbo,SDSS-Z,60605.05375,1.464676,1.446577,90.0,2024-10-22T01:17:23.980
h_e_20241022_70_1_1_1.fits,ZTF24abjjpbo,SDSS-Z,60606.039557,2.371359,1.46993,90.0,2024-10-23T00:56:57.694
h_e_20241022_70_2_1_1.fits,ZTF24abjjpbo,SDSS-Z,60606.040816,2.044639,1.466882,90.0,2024-10-23T00:58:46.487
h_e_20241022_70_3_1_1.fits,ZTF24abjjpbo,SDSS-Z,60606.042076,1.955019,1.463957,90.0,2024-10-23T01:00:35.326
h_e_20241022_70_4_1_1.fits,ZTF24abjjpbo,SDSS-Z,60606.043335,1.945406,1.461152,90.0,2024-10-23T01:02:24.138
h_e_20241022_70_5_1_1.fits,ZTF24abjjpbo,SDSS-Z,60606.044595,1.849959,1.458445,90.0,2024-10-23T01:04:12.974
h_e_20241023_77_1_1_1.fits,ZTF24abjjpbo,SDSS-Z,60607.096973,1.591405,1.45009,90.0,2024-10-24T02:19:38.509
h_e_20241023_77_2_1_1.fits,ZTF24abjjpbo,SDSS-Z,60607.098233,1.318907,1.452366,90.0,2024-10-24T02:21:27.323
h_e_20241023_77_3_1_1.fits,ZTF24abjjpbo,SDSS-Z,60607.099493,1.226123,1.454781,90.0,2024-10-24T02:23:16.159
h_e_20241023_77_4_1_1.fits,ZTF24abjjpbo,SDSS-Z,60607.100752,1.074541,1.457293,90.0,2024-10-24T02:25:04.932
h_e_20241023_77_5_1_1.fits,ZTF24abjjpbo,SDSS-Z,60607.102011,1.457597,1.459923,90.0,2024-10-24T02:26:53.732
h_e_20241024_64_1_1_1.fits,ZTF24abjjpbo,SDSS-Z,60608.030314,1.149576,1.47987,90.0,2024-10-25T00:43:39.124
h_e_20241024_64_2_1_1.fits,ZTF24abjjpbo,SDSS-Z,60608.031573,1.089668,1.476413,90.0,2024-10-25T00:45:27.946
h_e_20241024_64_3_1_1.fits,ZTF24abjjpbo,SDSS-Z,60608.032833,0.9318224,1.473115,90.0,2024-10-25T00:47:16.748
h_e_20241024_64_4_1_1.fits,ZTF24abjjpbo,SDSS-Z,60608.034092,1.046769,1.469942,90.0,2024-10-25T00:49:05.563
h_e_20241024_64_5_1_1.fits,ZTF24abjjpbo,SDSS-Z,60608.035352,0.956714,1.466894,90.0,2024-10-25T00:50:54.396
h_e_20241031_75_1_1_1.fits,ZTF24abjjpbo,SDSS-Z,60615.032383,1.451761,1.438241,120.0,2024-11-01T00:46:37.930
h_e_20241031_75_2_1_1.fits,ZTF24abjjpbo,SDSS-Z,60615.033991,1.420555,1.43642,120.0,2024-11-01T00:48:56.832
h_e_20241031_75_3_1_1.fits,ZTF24abjjpbo,SDSS-Z,60615.035599,1.373857,1.434778,120.0,2024-11-01T00:51:15.733
h_e_20241031_76_1_1_1.fits,ZTF24abjjpbo,SDSS-Z,60615.039667,1.390133,1.431489,120.0,2024-11-01T00:57:07.228
h_e_20241031_76_2_1_1.fits,ZTF24abjjpbo,SDSS-Z,60615.041274,1.441933,1.430469,120.0,2024-11-01T00:59:26.087
h_e_20241031_76_3_1_1.fits,ZTF24abjjpbo,SDSS-Z,60615.042882,1.707201,1.429634,120.0,2024-11-01T01:01:44.973
h_e_20241104_65_1_1_1.fits,ZTF24abjjpbo,SDSS-Z,60619.02368,1.049986,1.435786,120.0,2024-11-05T00:34:05.913
h_e_20241104_65_2_1_1.fits,ZTF24abjjpbo,SDSS-Z,60619.025286,0.9855973,1.434212,120.0,2024-11-05T00:36:24.739
h_e_20241104_65_3_1_1.fits,ZTF24abjjpbo,SDSS-Z,60619.026893,0.9920872,1.432817,120.0,2024-11-05T00:38:43.585
h_e_20241104_66_1_1_1.fits,ZTF24abjjpbo,SDSS-Z,60619.030958,1.081831,1.430139,120.0,2024-11-05T00:44:34.732
h_e_20241104_66_2_1_1.fits,ZTF24abjjpbo,SDSS-Z,60619.032565,1.068653,1.42937,120.0,2024-11-05T00:46:53.581
h_e_20241104_66_3_1_1.fits,ZTF24abjjpbo,SDSS-Z,60619.034171,1.090668,1.428776,120.0,2024-11-05T00:49:12.410
